productkey,product_name,brand,color,unit_cost_usd,unit_price_usd,subcategorykey,subcategory,categorykey,category
1,contoso_512mb_mp3_player_e51_silver,contoso,silver,6.62,12.99,101,mp4mp3,1,audio
2,contoso_512mb_mp3_player_e51_blue,contoso,blue,6.62,12.99,101,mp4mp3,1,audio
3,contoso_1g_mp3_player_e100_white,contoso,white,7.4,14.52,101,mp4mp3,1,audio
4,contoso_2g_mp3_player_e200_silver,contoso,silver,11.0,21.57,101,mp4mp3,1,audio
5,contoso_2g_mp3_player_e200_red,contoso,red,11.0,21.57,101,mp4mp3,1,audio
6,contoso_2g_mp3_player_e200_black,contoso,black,11.0,21.57,101,mp4mp3,1,audio
7,contoso_2g_mp3_player_e200_blue,contoso,blue,11.0,21.57,101,mp4mp3,1,audio
8,contoso_4g_mp3_player_e400_silver,contoso,silver,30.58,59.99,101,mp4mp3,1,audio
9,contoso_4g_mp3_player_e400_black,contoso,black,30.58,59.99,101,mp4mp3,1,audio
10,contoso_4g_mp3_player_e400_green,contoso,green,30.58,59.99,101,mp4mp3,1,audio
11,contoso_4g_mp3_player_e400_orange,contoso,orange,30.58,59.99,101,mp4mp3,1,audio
12,contoso_4gb_flash_mp3_player_e401_blue,contoso,blue,35.72,77.68,101,mp4mp3,1,audio
13,contoso_4gb_flash_mp3_player_e401_black,contoso,black,35.72,77.68,101,mp4mp3,1,audio
14,contoso_4gb_flash_mp3_player_e401_silver,contoso,silver,35.72,77.68,101,mp4mp3,1,audio
15,contoso_4gb_flash_mp3_player_e401_white,contoso,white,35.72,77.68,101,mp4mp3,1,audio
16,contoso_8gb_superslim_mp3video_player_m800_white,contoso,white,50.56,109.95,101,mp4mp3,1,audio
17,contoso_8gb_superslim_mp3video_player_m800_red,contoso,red,50.56,109.95,101,mp4mp3,1,audio
18,contoso_8gb_superslim_mp3video_player_m800_green,contoso,green,50.56,109.95,101,mp4mp3,1,audio
19,contoso_8gb_superslim_mp3video_player_m800_pink,contoso,pink,50.56,109.95,101,mp4mp3,1,audio
20,contoso_8gb_mp3_player_new_model_m820_black,contoso,black,61.62,134.0,101,mp4mp3,1,audio
21,contoso_8gb_mp3_player_new_model_m820_blue,contoso,blue,61.62,134.0,101,mp4mp3,1,audio
22,contoso_8gb_mp3_player_new_model_m820_yellow,contoso,yellow,61.62,134.0,101,mp4mp3,1,audio
23,contoso_8gb_mp3_player_new_model_m820_white,contoso,white,61.62,134.0,101,mp4mp3,1,audio
24,contoso_16gb_mp5_player_m1600_blue,contoso,blue,91.93,199.9,101,mp4mp3,1,audio
25,contoso_16gb_mp5_player_m1600_black,contoso,black,91.93,199.9,101,mp4mp3,1,audio
26,contoso_16gb_mp5_player_m1600_green,contoso,green,91.93,199.9,101,mp4mp3,1,audio
27,contoso_16gb_mp5_player_m1600_white,contoso,white,91.93,199.9,101,mp4mp3,1,audio
28,contoso_16gb_mp5_player_m1600_red,contoso,red,91.93,199.9,101,mp4mp3,1,audio
29,contoso_32gb_video_mp3_player_m3200_white,contoso,white,84.49,255.0,101,mp4mp3,1,audio
30,contoso_32gb_video_mp3_player_m3200_red,contoso,red,84.49,255.0,101,mp4mp3,1,audio
31,contoso_32gb_video_mp3_player_m3200_orange,contoso,orange,84.49,255.0,101,mp4mp3,1,audio
32,contoso_32gb_video_mp3_player_m3200_pink,contoso,pink,84.49,255.0,101,mp4mp3,1,audio
33,contoso_32gb_video_mp3_player_m3200_black,contoso,black,84.49,255.0,101,mp4mp3,1,audio
34,contoso_4gb_portable_mp3_player_m450_black,contoso,black,48.92,95.95,101,mp4mp3,1,audio
35,contoso_4gb_portable_mp3_player_m450_white,contoso,white,48.92,95.95,101,mp4mp3,1,audio
36,contoso_4gb_portable_mp3_player_m450_yellow,contoso,yellow,48.92,95.95,101,mp4mp3,1,audio
37,contoso_8gb_clock_radio_mp3_player_x850_silver,contoso,silver,99.14,299.23,101,mp4mp3,1,audio
38,contoso_8gb_clock_radio_mp3_player_x850_black,contoso,black,99.14,299.23,101,mp4mp3,1,audio
39,contoso_8gb_clock_radio_mp3_player_x850_green,contoso,green,99.14,299.23,101,mp4mp3,1,audio
40,contoso_8gb_clock_radio_mp3_player_x850_blue,contoso,blue,99.14,299.23,101,mp4mp3,1,audio
41,contoso_16gb_new_generation_mp5_player_m1650_silver,contoso,silver,106.69,232.0,101,mp4mp3,1,audio
42,contoso_16gb_new_generation_mp5_player_m1650_white,contoso,white,106.69,232.0,101,mp4mp3,1,audio
43,contoso_16gb_new_generation_mp5_player_m1650_black,contoso,black,106.69,232.0,101,mp4mp3,1,audio
44,contoso_16gb_new_generation_mp5_player_m1650_blue,contoso,blue,106.69,232.0,101,mp4mp3,1,audio
45,contoso_16gb_new_generation_mp5_player_m1650_pink,contoso,pink,106.69,232.0,101,mp4mp3,1,audio
46,wwi_1gb_pulse_smart_pen_e50_white,wide_world_importers,white,76.45,149.95,104,recording_pen,1,audio
47,wwi_1gbpulse_smart_pen_e50_black,wide_world_importers,black,76.45,149.95,104,recording_pen,1,audio
48,wwi_1gb_pulse_smart_pen_e50_silver,wide_world_importers,silver,76.45,149.95,104,recording_pen,1,audio
49,wwi_2gb_pulse_smart_pen_m100_white,wide_world_importers,white,91.95,199.95,104,recording_pen,1,audio
50,wwi_2gb_pulse_smart_pen_m100_black,wide_world_importers,black,91.95,199.95,104,recording_pen,1,audio
51,wwi_2gb_pulse_smart_pen_m100_blue,wide_world_importers,blue,91.95,199.95,104,recording_pen,1,audio
52,wwi_2gb_pulse_smart_pen_m100_silver,wide_world_importers,silver,91.95,199.95,104,recording_pen,1,audio
53,wwi_4gb_video_recording_pen_x200_black,wide_world_importers,black,98.07,296.0,104,recording_pen,1,audio
54,wwi_4gb_video_recording_pen_x200_red,wide_world_importers,red,98.07,296.0,104,recording_pen,1,audio
55,wwi_4gb_video_recording_pen_x200_pink,wide_world_importers,pink,98.07,296.0,104,recording_pen,1,audio
56,wwi_4gb_video_recording_pen_x200_yellow,wide_world_importers,yellow,98.07,296.0,104,recording_pen,1,audio
57,wwi_1gb_digital_voice_recorder_pen_e100_black,wide_world_importers,black,79.53,156.0,104,recording_pen,1,audio
58,wwi_1gb_digital_voice_recorder_pen_e100_red,wide_world_importers,red,79.53,156.0,104,recording_pen,1,audio
59,wwi_1gb_digital_voice_recorder_pen_e100_pink,wide_world_importers,pink,79.53,156.0,104,recording_pen,1,audio
60,wwi_1gb_digital_voice_recorder_pen_e100_white,wide_world_importers,white,79.53,156.0,104,recording_pen,1,audio
61,wwi_2gb_spy_video_recorder_pen_m300_black,wide_world_importers,black,83.24,181.0,104,recording_pen,1,audio
62,wwi_2gb_spy_video_recorder_pen_m300_white,wide_world_importers,white,83.24,181.0,104,recording_pen,1,audio
63,wwi_2gb_spy_video_recorder_pen_m300_blue,wide_world_importers,blue,83.24,181.0,104,recording_pen,1,audio
64,wwi_2gb_spy_video_recorder_pen_m300_silver,wide_world_importers,silver,83.24,181.0,104,recording_pen,1,audio
65,wwi_2gb_spy_video_recorder_pen_m300_purple,wide_world_importers,purple,83.24,181.0,104,recording_pen,1,audio
66,nt_bluetooth_stereo_headphones_e52_blue,northwind_traders,blue,13.1,25.69,106,bluetooth_headphones,1,audio
67,nt_bluetooth_stereo_headphones_e52_black,northwind_traders,black,13.1,25.69,106,bluetooth_headphones,1,audio
68,nt_bluetooth_stereo_headphones_e52_yellow,northwind_traders,yellow,13.1,25.69,106,bluetooth_headphones,1,audio
69,nt_bluetooth_stereo_headphones_e52_pink,northwind_traders,pink,13.1,25.69,106,bluetooth_headphones,1,audio
70,nt_wireless_bluetooth_stereo_headphones_e102_silver,northwind_traders,silver,22.05,47.95,106,bluetooth_headphones,1,audio
71,nt_wireless_bluetooth_stereo_headphones_e102_black,northwind_traders,black,22.05,47.95,106,bluetooth_headphones,1,audio
72,nt_wireless_bluetooth_stereo_headphones_e102_blue,northwind_traders,blue,22.05,47.95,106,bluetooth_headphones,1,audio
73,nt_wireless_bluetooth_stereo_headphones_e102_white,northwind_traders,white,22.05,47.95,106,bluetooth_headphones,1,audio
74,nt_bluetooth_active_headphones_e202_black,northwind_traders,black,17.45,37.95,106,bluetooth_headphones,1,audio
75,nt_bluetooth_active_headphones_e202_white,northwind_traders,white,17.45,37.95,106,bluetooth_headphones,1,audio
76,nt_bluetooth_active_headphones_e202_red,northwind_traders,red,17.45,37.95,106,bluetooth_headphones,1,audio
77,nt_bluetooth_active_headphones_e202_silver,northwind_traders,silver,17.45,37.95,106,bluetooth_headphones,1,audio
78,nt_wireless_bluetooth_stereo_headphones_e302_silver,northwind_traders,silver,18.65,40.55,106,bluetooth_headphones,1,audio
79,nt_wireless_bluetooth_stereo_headphones_e302_white,northwind_traders,white,18.65,40.55,106,bluetooth_headphones,1,audio
80,nt_wireless_bluetooth_stereo_headphones_e302_yellow,northwind_traders,yellow,18.65,40.55,106,bluetooth_headphones,1,audio
81,nt_wireless_bluetooth_stereo_headphones_e302_black,northwind_traders,black,18.65,40.55,106,bluetooth_headphones,1,audio
82,nt_wireless_bluetooth_stereo_headphones_e302_pink,northwind_traders,pink,18.65,40.55,106,bluetooth_headphones,1,audio
83,nt_wireless_bluetooth_stereo_headphones_m402_silver,northwind_traders,silver,45.98,99.99,106,bluetooth_headphones,1,audio
84,nt_wireless_bluetooth_stereo_headphones_m402_red,northwind_traders,red,45.98,99.99,106,bluetooth_headphones,1,audio
85,nt_wireless_bluetooth_stereo_headphones_m402_green,northwind_traders,green,45.98,99.99,106,bluetooth_headphones,1,audio
86,nt_wireless_bluetooth_stereo_headphones_m402_black,northwind_traders,black,45.98,99.99,106,bluetooth_headphones,1,audio
87,nt_wireless_bluetooth_stereo_headphones_m402_purple,northwind_traders,purple,45.98,99.99,106,bluetooth_headphones,1,audio
88,nt_wireless_transmitter_and_bluetooth_headphones_m150_black,northwind_traders,black,49.69,149.99,106,bluetooth_headphones,1,audio
89,nt_wireless_transmitter_and_bluetooth_headphones_m150_blue,northwind_traders,blue,49.69,149.99,106,bluetooth_headphones,1,audio
90,nt_wireless_transmitter_and_bluetooth_headphones_m150_silver,northwind_traders,silver,49.69,149.99,106,bluetooth_headphones,1,audio
91,nt_wireless_transmitter_and_bluetooth_headphones_m150_green,northwind_traders,green,49.69,149.99,106,bluetooth_headphones,1,audio
92,nt_wireless_transmitter_and_bluetooth_headphones_m150_red,northwind_traders,red,49.69,149.99,106,bluetooth_headphones,1,audio
93,wwi_stereo_bluetooth_headphones_e1000_blue,wide_world_importers,blue,34.36,67.4,106,bluetooth_headphones,1,audio
94,wwi_stereo_bluetooth_headphones_e1000_black,wide_world_importers,black,34.36,67.4,106,bluetooth_headphones,1,audio
95,wwi_stereo_bluetooth_headphones_e1000_silver,wide_world_importers,silver,34.36,67.4,106,bluetooth_headphones,1,audio
96,wwi_stereo_bluetooth_headphones_e1000_white,wide_world_importers,white,34.36,67.4,106,bluetooth_headphones,1,audio
97,wwi_stereo_bluetooth_headphones_e1000_green,wide_world_importers,green,34.36,67.4,106,bluetooth_headphones,1,audio
98,wwi_wireless_bluetooth_stereo_headphones_m170_silver,wide_world_importers,silver,55.18,120.0,106,bluetooth_headphones,1,audio
99,wwi_wireless_bluetooth_stereo_headphones_m170_black,wide_world_importers,black,55.18,120.0,106,bluetooth_headphones,1,audio
100,wwi_wireless_bluetooth_stereo_headphones_m170_white,wide_world_importers,white,55.18,120.0,106,bluetooth_headphones,1,audio
101,wwi_wireless_bluetooth_stereo_headphones_m170_pink,wide_world_importers,pink,55.18,120.0,106,bluetooth_headphones,1,audio
102,wwi_wireless_bluetooth_stereo_headphones_m270_silver,wide_world_importers,silver,52.88,115.0,106,bluetooth_headphones,1,audio
103,wwi_wireless_bluetooth_stereo_headphones_m270_black,wide_world_importers,black,52.88,115.0,106,bluetooth_headphones,1,audio
104,wwi_wireless_bluetooth_stereo_headphones_m270_white,wide_world_importers,white,52.88,115.0,106,bluetooth_headphones,1,audio
105,wwi_wireless_bluetooth_stereo_headphones_m270_pink,wide_world_importers,pink,52.88,115.0,106,bluetooth_headphones,1,audio
106,wwi_stereo_bluetooth_headphones_new_generation_m370_black,wide_world_importers,black,61.16,132.99,106,bluetooth_headphones,1,audio
107,wwi_stereo_bluetooth_headphones_new_generation_m370_white,wide_world_importers,white,61.16,132.99,106,bluetooth_headphones,1,audio
108,wwi_stereo_bluetooth_headphones_new_generation_m370_yellow,wide_world_importers,yellow,61.16,132.99,106,bluetooth_headphones,1,audio
109,wwi_stereo_bluetooth_headphones_new_generation_m370_orange,wide_world_importers,orange,61.16,132.99,106,bluetooth_headphones,1,audio
110,wwi_stereo_bluetooth_headphones_new_generation_m370_blue,wide_world_importers,blue,61.16,132.99,106,bluetooth_headphones,1,audio
111,wwi_wireless_transmitter_and_bluetooth_headphones_x250_black,wide_world_importers,black,82.83,249.99,106,bluetooth_headphones,1,audio
112,wwi_wireless_transmitter_and_bluetooth_headphones_x250_blue,wide_world_importers,blue,82.83,249.99,106,bluetooth_headphones,1,audio
113,wwi_wireless_transmitter_and_bluetooth_headphones_x250_white,wide_world_importers,white,82.83,249.99,106,bluetooth_headphones,1,audio
114,wwi_wireless_transmitter_and_bluetooth_headphones_x250_red,wide_world_importers,red,82.83,249.99,106,bluetooth_headphones,1,audio
115,wwi_wireless_transmitter_and_bluetooth_headphones_x250_silver,wide_world_importers,silver,82.83,249.99,106,bluetooth_headphones,1,audio
116,adventure_works_20_crt_tv_e15_silver,adventure_works,silver,86.67,169.99,201,televisions,2,tv_and_video
117,adventure_works_20_crt_tv_e15_black,adventure_works,black,86.67,169.99,201,televisions,2,tv_and_video
118,adventure_works_20_crt_tv_e15_white,adventure_works,white,86.67,169.99,201,televisions,2,tv_and_video
119,adventure_works_13_color_tv_e25_silver,adventure_works,silver,61.17,119.99,201,televisions,2,tv_and_video
120,adventure_works_13_color_tv_e25_black,adventure_works,black,61.17,119.99,201,televisions,2,tv_and_video
121,adventure_works_13_color_tv_e25_white,adventure_works,white,61.17,119.99,201,televisions,2,tv_and_video
122,adventure_works_19_portable_lcd_hdtv_m110_silver,adventure_works,silver,128.76,279.99,201,televisions,2,tv_and_video
123,adventure_works_19_portable_lcd_hdtv_m110_black,adventure_works,black,128.76,279.99,201,televisions,2,tv_and_video
124,adventure_works_19_portable_lcd_hdtv_m110_white,adventure_works,white,128.76,279.99,201,televisions,2,tv_and_video
125,adventure_works_19_color_digital_tv_e35_silver,adventure_works,silver,73.11,143.4,201,televisions,2,tv_and_video
126,adventure_works_19_color_digital_tv_e35_black,adventure_works,black,73.11,143.4,201,televisions,2,tv_and_video
127,adventure_works_19_color_digital_tv_e35_white,adventure_works,white,73.11,143.4,201,televisions,2,tv_and_video
128,adventure_works_19_color_digital_tv_e35_brown,adventure_works,brown,73.11,143.4,201,televisions,2,tv_and_video
129,adventure_works_20_analog_crt_tv_e45_silver,adventure_works,silver,101.97,200.0,201,televisions,2,tv_and_video
130,adventure_works_20_analog_crt_tv_e45_black,adventure_works,black,101.97,200.0,201,televisions,2,tv_and_video
131,adventure_works_20_analog_crt_tv_e45_white,adventure_works,white,101.97,200.0,201,televisions,2,tv_and_video
132,adventure_works_20_analog_crt_tv_e45_brown,adventure_works,brown,101.97,200.0,201,televisions,2,tv_and_video
133,adventure_works_20_lcd_hdtv_m120_silver,adventure_works,silver,160.93,349.95,201,televisions,2,tv_and_video
134,adventure_works_20_lcd_hdtv_m120_black,adventure_works,black,160.93,349.95,201,televisions,2,tv_and_video
135,adventure_works_20_lcd_hdtv_m120_white,adventure_works,white,160.93,349.95,201,televisions,2,tv_and_video
136,adventure_works_20_lcd_hdtv_m120_brown,adventure_works,brown,160.93,349.95,201,televisions,2,tv_and_video
137,adventure_works_32_lcd_hdtv_m130_silver,adventure_works,silver,229.93,499.99,201,televisions,2,tv_and_video
138,adventure_works_32_lcd_hdtv_m130_black,adventure_works,black,229.93,499.99,201,televisions,2,tv_and_video
139,adventure_works_32_lcd_hdtv_m130_white,adventure_works,white,229.93,499.99,201,televisions,2,tv_and_video
140,adventure_works_32_lcd_hdtv_m130_brown,adventure_works,brown,229.93,499.99,201,televisions,2,tv_and_video
141,adventure_works_156_lcd_tv_m130w_silver,adventure_works,silver,152.94,299.99,201,televisions,2,tv_and_video
142,adventure_works_156_lcd_tv_m130w_black,adventure_works,black,152.94,299.99,201,televisions,2,tv_and_video
143,adventure_works_156_lcd_tv_m130w_white,adventure_works,white,152.94,299.99,201,televisions,2,tv_and_video
144,adventure_works_156_lcd_tv_m130w_brown,adventure_works,brown,152.94,299.99,201,televisions,2,tv_and_video
145,adventure_works_52_lcd_hdtv_x590_silver,adventure_works,silver,960.82,2899.99,201,televisions,2,tv_and_video
146,adventure_works_52_lcd_hdtv_x590_black,adventure_works,black,960.82,2899.99,201,televisions,2,tv_and_video
147,adventure_works_52_lcd_hdtv_x590_white,adventure_works,white,960.82,2899.99,201,televisions,2,tv_and_video
148,adventure_works_52_lcd_hdtv_x590_brown,adventure_works,brown,960.82,2899.99,201,televisions,2,tv_and_video
149,adventure_works_40_lcd_hdtv_m690_silver,adventure_works,silver,392.6,1184.97,201,televisions,2,tv_and_video
150,adventure_works_40_lcd_hdtv_m690_black,adventure_works,black,392.6,1184.97,201,televisions,2,tv_and_video
151,adventure_works_40_lcd_hdtv_m690_white,adventure_works,white,392.6,1184.97,201,televisions,2,tv_and_video
152,adventure_works_40_lcd_hdtv_m690_brown,adventure_works,brown,392.6,1184.97,201,televisions,2,tv_and_video
153,adventure_works_26_720p_lcd_hdtv_m140_silver,adventure_works,silver,216.12,469.97,201,televisions,2,tv_and_video
154,adventure_works_26_720p_lcd_hdtv_m140_black,adventure_works,black,216.12,469.97,201,televisions,2,tv_and_video
155,adventure_works_26_720p_lcd_hdtv_m140_white,adventure_works,white,216.12,469.97,201,televisions,2,tv_and_video
156,adventure_works_26_720p_lcd_hdtv_m140_brown,adventure_works,brown,216.12,469.97,201,televisions,2,tv_and_video
157,adventure_works_37_1080p_lcd_hdtv_m150w_silver,adventure_works,silver,505.85,1099.99,201,televisions,2,tv_and_video
158,adventure_works_37_1080p_lcd_hdtv_m150w_black,adventure_works,black,505.85,1099.99,201,televisions,2,tv_and_video
159,adventure_works_37_1080p_lcd_hdtv_m150w_white,adventure_works,white,505.85,1099.99,201,televisions,2,tv_and_video
160,adventure_works_37_1080p_lcd_hdtv_m150w_brown,adventure_works,brown,505.85,1099.99,201,televisions,2,tv_and_video
161,adventure_works_52_lcd_hdtv_x790w_silver,adventure_works,silver,527.53,1592.2,201,televisions,2,tv_and_video
162,adventure_works_52_lcd_hdtv_x790w_black,adventure_works,black,527.53,1592.2,201,televisions,2,tv_and_video
163,adventure_works_52_lcd_hdtv_x790w_white,adventure_works,white,527.53,1592.2,201,televisions,2,tv_and_video
164,adventure_works_52_lcd_hdtv_x790w_brown,adventure_works,brown,527.53,1592.2,201,televisions,2,tv_and_video
165,adventure_works_42_lcd_hdtv_m55_black,adventure_works,black,389.26,763.51,201,televisions,2,tv_and_video
166,sv_16xdvd_m300_black,southridge_video,black,54.72,119.0,202,vcd_dvd,2,tv_and_video
167,sv_8xdvd_e100_black,southridge_video,black,35.18,69.0,202,vcd_dvd,2,tv_and_video
168,sv_16xdvd_m310_black,southridge_video,black,59.32,129.0,202,vcd_dvd,2,tv_and_video
169,sv_16xdvd_m320_black,southridge_video,black,54.72,119.0,202,vcd_dvd,2,tv_and_video
170,sv_16xdvd_m330_black,southridge_video,black,50.13,109.0,202,vcd_dvd,2,tv_and_video
171,sv_16xdvd_e340_black,southridge_video,black,45.53,99.0,202,vcd_dvd,2,tv_and_video
172,sv_22xdvd_x680_black,southridge_video,black,55.99,169.0,202,vcd_dvd,2,tv_and_video
173,sv_8xdvd_e120_black,southridge_video,black,45.83,89.9,202,vcd_dvd,2,tv_and_video
174,sv_22xdvd_m600_black,southridge_video,black,43.04,129.9,202,vcd_dvd,2,tv_and_video
175,sv_16xdvd_m350_black,southridge_video,black,53.76,116.9,202,vcd_dvd,2,tv_and_video
176,sv_16xdvd_m360_black,southridge_video,black,58.36,126.9,202,vcd_dvd,2,tv_and_video
177,sv_8xdvd_e130_black,southridge_video,black,29.01,56.9,202,vcd_dvd,2,tv_and_video
178,sv_8xdvd_e140_black,southridge_video,black,33.65,66.0,202,vcd_dvd,2,tv_and_video
179,sv_16xdvd_m300_silver,southridge_video,silver,54.72,119.0,202,vcd_dvd,2,tv_and_video
180,sv_8xdvd_e100_silver,southridge_video,silver,35.18,69.0,202,vcd_dvd,2,tv_and_video
181,sv_16xdvd_m310_silver,southridge_video,silver,59.32,129.0,202,vcd_dvd,2,tv_and_video
182,sv_16xdvd_m320_silver,southridge_video,silver,54.72,119.0,202,vcd_dvd,2,tv_and_video
183,sv_16xdvd_m330_silver,southridge_video,silver,50.13,109.0,202,vcd_dvd,2,tv_and_video
184,sv_16xdvd_e340_silver,southridge_video,silver,45.53,99.0,202,vcd_dvd,2,tv_and_video
185,sv_22xdvd_x680_silver,southridge_video,silver,55.99,169.0,202,vcd_dvd,2,tv_and_video
186,sv_8xdvd_e120_silver,southridge_video,silver,45.83,89.9,202,vcd_dvd,2,tv_and_video
187,sv_22xdvd_m600_silver,southridge_video,silver,43.04,129.9,202,vcd_dvd,2,tv_and_video
188,sv_16xdvd_m350_silver,southridge_video,silver,53.76,116.9,202,vcd_dvd,2,tv_and_video
189,sv_16xdvd_m360_silver,southridge_video,silver,58.36,126.9,202,vcd_dvd,2,tv_and_video
190,sv_8xdvd_e130_silver,southridge_video,silver,29.01,56.9,202,vcd_dvd,2,tv_and_video
191,sv_8xdvd_e140_silver,southridge_video,silver,33.65,66.0,202,vcd_dvd,2,tv_and_video
192,litware_home_theater_system_41_channel_m410_black,litware,black,275.46,599.0,203,home_theater_system,2,tv_and_video
193,litware_home_theater_system_51_channel_m511_black,litware,black,321.44,699.0,203,home_theater_system,2,tv_and_video
194,litware_home_theater_system_21_channel_e210_black,litware,black,152.44,299.0,203,home_theater_system,2,tv_and_video
195,litware_home_theater_system_51_channel_m510_black,litware,black,293.85,639.0,203,home_theater_system,2,tv_and_video
196,litware_home_theater_system_21_channel_e211_black,litware,black,137.6,269.9,203,home_theater_system,2,tv_and_video
197,litware_home_theater_system_21_channel_e212_black,litware,black,152.9,299.9,203,home_theater_system,2,tv_and_video
198,litware_home_theater_system_41_channel_m411_black,litware,black,275.46,599.0,203,home_theater_system,2,tv_and_video
199,litware_home_theater_system_41_channel_m412_black,litware,black,261.66,569.0,203,home_theater_system,2,tv_and_video
200,litware_home_theater_system_41_channel_m413_black,litware,black,252.47,549.0,203,home_theater_system,2,tv_and_video
201,litware_home_theater_system_51_channel_m512_black,litware,black,321.44,699.0,203,home_theater_system,2,tv_and_video
202,litware_home_theater_system_51_channel_m513_black,litware,black,316.85,689.0,203,home_theater_system,2,tv_and_video
203,litware_home_theater_system_71_channel_m710_black,litware,black,264.72,799.0,203,home_theater_system,2,tv_and_video
204,litware_home_theater_system_71_channel_x711_black,litware,black,367.43,1109.0,203,home_theater_system,2,tv_and_video
205,litware_home_theater_system_51_channel_m514_black,litware,black,275.46,599.0,203,home_theater_system,2,tv_and_video
206,litware_home_theater_system_51_channel_m515_black,litware,black,261.66,569.0,203,home_theater_system,2,tv_and_video
207,litware_home_theater_system_51_channel_m516_black,litware,black,266.26,579.0,203,home_theater_system,2,tv_and_video
208,litware_home_theater_system_41_channel_m410_silver,litware,silver,275.46,599.0,203,home_theater_system,2,tv_and_video
209,litware_home_theater_system_51_channel_m511_silver,litware,silver,321.44,699.0,203,home_theater_system,2,tv_and_video
210,litware_home_theater_system_21_channel_e210_silver,litware,silver,152.44,299.0,203,home_theater_system,2,tv_and_video
211,litware_home_theater_system_51_channel_m510_silver,litware,silver,293.85,639.0,203,home_theater_system,2,tv_and_video
212,litware_home_theater_system_21_channel_e211_silver,litware,silver,137.6,269.9,203,home_theater_system,2,tv_and_video
213,litware_home_theater_system_21_channel_e212_silver,litware,silver,152.9,299.9,203,home_theater_system,2,tv_and_video
214,litware_home_theater_system_41_channel_m411_silver,litware,silver,275.46,599.0,203,home_theater_system,2,tv_and_video
215,litware_home_theater_system_41_channel_m412_silver,litware,silver,261.66,569.0,203,home_theater_system,2,tv_and_video
216,litware_home_theater_system_41_channel_m413_silver,litware,silver,252.47,549.0,203,home_theater_system,2,tv_and_video
217,litware_home_theater_system_51_channel_m512_silver,litware,silver,321.44,699.0,203,home_theater_system,2,tv_and_video
218,litware_home_theater_system_51_channel_m513_silver,litware,silver,316.85,689.0,203,home_theater_system,2,tv_and_video
219,litware_home_theater_system_71_channel_m710_silver,litware,silver,264.72,799.0,203,home_theater_system,2,tv_and_video
220,litware_home_theater_system_71_channel_x711_silver,litware,silver,367.43,1109.0,203,home_theater_system,2,tv_and_video
221,litware_home_theater_system_51_channel_m514_silver,litware,silver,275.46,599.0,203,home_theater_system,2,tv_and_video
222,litware_home_theater_system_51_channel_m515_silver,litware,silver,261.66,569.0,203,home_theater_system,2,tv_and_video
223,litware_home_theater_system_51_channel_m516_silver,litware,silver,266.26,579.0,203,home_theater_system,2,tv_and_video
224,litware_home_theater_system_41_channel_m410_brown,litware,brown,275.46,599.0,203,home_theater_system,2,tv_and_video
225,litware_home_theater_system_51_channel_m511_brown,litware,brown,321.44,699.0,203,home_theater_system,2,tv_and_video
226,litware_home_theater_system_21_channel_e210_brown,litware,brown,152.44,299.0,203,home_theater_system,2,tv_and_video
227,litware_home_theater_system_51_channel_m510_brown,litware,brown,293.85,639.0,203,home_theater_system,2,tv_and_video
228,litware_home_theater_system_21_channel_e211_brown,litware,brown,137.6,269.9,203,home_theater_system,2,tv_and_video
229,litware_home_theater_system_21_channel_e212_brown,litware,brown,152.9,299.9,203,home_theater_system,2,tv_and_video
230,litware_home_theater_system_41_channel_m411_brown,litware,brown,275.46,599.0,203,home_theater_system,2,tv_and_video
231,litware_home_theater_system_41_channel_m412_brown,litware,brown,261.66,569.0,203,home_theater_system,2,tv_and_video
232,litware_home_theater_system_41_channel_m413_brown,litware,brown,252.47,549.0,203,home_theater_system,2,tv_and_video
233,litware_home_theater_system_51_channel_m512_brown,litware,brown,321.44,699.0,203,home_theater_system,2,tv_and_video
234,litware_home_theater_system_51_channel_m513_brown,litware,brown,316.85,689.0,203,home_theater_system,2,tv_and_video
235,litware_home_theater_system_71_channel_m710_brown,litware,brown,264.72,799.0,203,home_theater_system,2,tv_and_video
236,litware_home_theater_system_71_channel_x711_brown,litware,brown,367.43,1109.0,203,home_theater_system,2,tv_and_video
237,litware_home_theater_system_51_channel_m514_brown,litware,brown,275.46,599.0,203,home_theater_system,2,tv_and_video
238,litware_home_theater_system_51_channel_m515_brown,litware,brown,261.66,569.0,203,home_theater_system,2,tv_and_video
239,litware_home_theater_system_51_channel_m516_brown,litware,brown,266.26,579.0,203,home_theater_system,2,tv_and_video
240,contoso_home_theater_system_21_channel_e1200_black,contoso,black,152.44,299.0,203,home_theater_system,2,tv_and_video
241,contoso_home_theater_system_21_channel_m1210_black,contoso,black,167.73,329.0,203,home_theater_system,2,tv_and_video
242,contoso_home_theater_system_71_channel_m1700_black,contoso,black,294.54,889.0,203,home_theater_system,2,tv_and_video
243,contoso_home_theater_system_41_channel_m1400_black,contoso,black,208.52,409.0,203,home_theater_system,2,tv_and_video
244,contoso_home_theater_system_51_channel_m1500_black,contoso,black,197.28,429.0,203,home_theater_system,2,tv_and_video
245,contoso_home_theater_system_51_channel_m1510_black,contoso,black,224.87,489.0,203,home_theater_system,2,tv_and_video
246,contoso_home_theater_system_41_channel_m1410_black,contoso,black,167.73,329.0,203,home_theater_system,2,tv_and_video
247,contoso_home_theater_system_51_channel_m1520_black,contoso,black,155.89,339.0,203,home_theater_system,2,tv_and_video
248,contoso_home_theater_system_51_channel_m1530_black,contoso,black,183.49,399.0,203,home_theater_system,2,tv_and_video
249,contoso_home_theater_system_21_channel_e1220_black,contoso,black,101.46,199.0,203,home_theater_system,2,tv_and_video
250,contoso_home_theater_system_51_channel_m1540_black,contoso,black,243.27,529.0,203,home_theater_system,2,tv_and_video
251,contoso_home_theater_system_41_channel_m1420_black,contoso,black,244.72,480.0,203,home_theater_system,2,tv_and_video
252,contoso_home_theater_system_21_channel_m1230_black,contoso,black,183.54,360.0,203,home_theater_system,2,tv_and_video
253,contoso_home_theater_system_21_channel_e1200_silver,contoso,silver,152.44,299.0,203,home_theater_system,2,tv_and_video
254,contoso_home_theater_system_21_channel_m1210_silver,contoso,silver,167.73,329.0,203,home_theater_system,2,tv_and_video
255,contoso_home_theater_system_71_channel_m1700_silver,contoso,silver,294.54,889.0,203,home_theater_system,2,tv_and_video
256,contoso_home_theater_system_41_channel_m1400_silver,contoso,silver,208.52,409.0,203,home_theater_system,2,tv_and_video
257,contoso_home_theater_system_51_channel_m1500_silver,contoso,silver,197.28,429.0,203,home_theater_system,2,tv_and_video
258,contoso_home_theater_system_51_channel_m1510_silver,contoso,silver,224.87,489.0,203,home_theater_system,2,tv_and_video
259,contoso_home_theater_system_41_channel_m1410_silver,contoso,silver,167.73,329.0,203,home_theater_system,2,tv_and_video
260,contoso_home_theater_system_51_channel_m1520_silver,contoso,silver,155.89,339.0,203,home_theater_system,2,tv_and_video
261,contoso_home_theater_system_51_channel_m1530_silver,contoso,silver,183.49,399.0,203,home_theater_system,2,tv_and_video
262,contoso_home_theater_system_21_channel_e1220_silver,contoso,silver,101.46,199.0,203,home_theater_system,2,tv_and_video
263,contoso_home_theater_system_51_channel_m1540_silver,contoso,silver,243.27,529.0,203,home_theater_system,2,tv_and_video
264,contoso_home_theater_system_41_channel_m1420_silver,contoso,silver,244.72,480.0,203,home_theater_system,2,tv_and_video
265,contoso_home_theater_system_21_channel_m1230_silver,contoso,silver,183.54,360.0,203,home_theater_system,2,tv_and_video
266,contoso_home_theater_system_21_channel_e1200_white,contoso,white,152.44,299.0,203,home_theater_system,2,tv_and_video
267,contoso_home_theater_system_21_channel_m1210_white,contoso,white,167.73,329.0,203,home_theater_system,2,tv_and_video
268,contoso_home_theater_system_71_channel_m1700_white,contoso,white,294.54,889.0,203,home_theater_system,2,tv_and_video
269,contoso_home_theater_system_41_channel_m1400_white,contoso,white,208.52,409.0,203,home_theater_system,2,tv_and_video
270,contoso_home_theater_system_51_channel_m1500_white,contoso,white,197.28,429.0,203,home_theater_system,2,tv_and_video
271,contoso_home_theater_system_51_channel_m1510_white,contoso,white,224.87,489.0,203,home_theater_system,2,tv_and_video
272,contoso_home_theater_system_41_channel_m1410_white,contoso,white,167.73,329.0,203,home_theater_system,2,tv_and_video
273,contoso_home_theater_system_51_channel_m1520_white,contoso,white,155.89,339.0,203,home_theater_system,2,tv_and_video
274,contoso_home_theater_system_51_channel_m1530_white,contoso,white,183.49,399.0,203,home_theater_system,2,tv_and_video
275,contoso_home_theater_system_21_channel_e1220_white,contoso,white,101.46,199.0,203,home_theater_system,2,tv_and_video
276,contoso_home_theater_system_51_channel_m1540_white,contoso,white,243.27,529.0,203,home_theater_system,2,tv_and_video
277,contoso_home_theater_system_41_channel_m1420_white,contoso,white,244.72,480.0,203,home_theater_system,2,tv_and_video
278,contoso_home_theater_system_21_channel_m1230_white,contoso,white,183.54,360.0,203,home_theater_system,2,tv_and_video
279,contoso_home_theater_system_21_channel_e1200_brown,contoso,brown,152.44,299.0,203,home_theater_system,2,tv_and_video
280,contoso_home_theater_system_21_channel_m1210_brown,contoso,brown,167.73,329.0,203,home_theater_system,2,tv_and_video
281,contoso_home_theater_system_71_channel_m1700_brown,contoso,brown,294.54,889.0,203,home_theater_system,2,tv_and_video
282,contoso_home_theater_system_41_channel_m1400_brown,contoso,brown,208.52,409.0,203,home_theater_system,2,tv_and_video
283,contoso_home_theater_system_51_channel_m1500_brown,contoso,brown,197.28,429.0,203,home_theater_system,2,tv_and_video
284,contoso_home_theater_system_51_channel_m1510_brown,contoso,brown,224.87,489.0,203,home_theater_system,2,tv_and_video
285,contoso_home_theater_system_41_channel_m1410_brown,contoso,brown,167.73,329.0,203,home_theater_system,2,tv_and_video
286,contoso_home_theater_system_51_channel_m1520_brown,contoso,brown,155.89,339.0,203,home_theater_system,2,tv_and_video
287,contoso_home_theater_system_51_channel_m1530_brown,contoso,brown,183.49,399.0,203,home_theater_system,2,tv_and_video
288,contoso_home_theater_system_21_channel_e1220_brown,contoso,brown,101.46,199.0,203,home_theater_system,2,tv_and_video
289,contoso_home_theater_system_51_channel_m1540_brown,contoso,brown,243.27,529.0,203,home_theater_system,2,tv_and_video
290,contoso_home_theater_system_41_channel_m1420_brown,contoso,brown,244.72,480.0,203,home_theater_system,2,tv_and_video
291,contoso_home_theater_system_21_channel_m1230_brown,contoso,brown,183.54,360.0,203,home_theater_system,2,tv_and_video
292,sv_car_video_lcd7w_m7080_black,southridge_video,black,229.93,500.0,205,car_video,2,tv_and_video
293,sv_car_video_lcd7w_m7081_black,southridge_video,black,229.47,499.0,205,car_video,2,tv_and_video
294,sv_car_video_tft7_m7000_black,southridge_video,black,152.44,299.0,205,car_video,2,tv_and_video
295,sv_car_video_tft62w_e6280_black,southridge_video,black,142.24,279.0,205,car_video,2,tv_and_video
296,sv_car_video_tft62w_e6281_black,southridge_video,black,132.05,259.0,205,car_video,2,tv_and_video
297,sv_car_video_tft62w_e6282_black,southridge_video,black,137.14,269.0,205,car_video,2,tv_and_video
298,sv_car_video_tft7_m7001_black,southridge_video,black,157.54,309.0,205,car_video,2,tv_and_video
299,sv_car_video_amfm_e1000_black,southridge_video,black,101.46,199.0,205,car_video,2,tv_and_video
300,sv_car_video_amfm_e1001_black,southridge_video,black,111.65,219.0,205,car_video,2,tv_and_video
301,sv_car_video_tft7_m7002_black,southridge_video,black,162.64,319.0,205,car_video,2,tv_and_video
302,sv_car_video_lcd92w_x9280_black,southridge_video,black,330.99,999.0,205,car_video,2,tv_and_video
303,sv_car_video_lcd92w_x9281_black,southridge_video,black,287.92,869.0,205,car_video,2,tv_and_video
304,sv_car_video_lcd7w_m7082_black,southridge_video,black,321.44,699.0,205,car_video,2,tv_and_video
305,sv_car_video_lcd7_m7001_black,southridge_video,black,151.3,329.0,205,car_video,2,tv_and_video
306,sv_car_video_lcd7_m7002_black,southridge_video,black,169.69,369.0,205,car_video,2,tv_and_video
307,sv_car_video_lcd7_m7003_black,southridge_video,black,169.69,369.0,205,car_video,2,tv_and_video
308,sv_car_video_lcd7w_m7080_silver,southridge_video,silver,229.93,500.0,205,car_video,2,tv_and_video
309,sv_car_video_lcd7w_m7081_silver,southridge_video,silver,229.47,499.0,205,car_video,2,tv_and_video
310,sv_car_video_tft7_m7000_silver,southridge_video,silver,152.44,299.0,205,car_video,2,tv_and_video
311,sv_car_video_tft62w_e6280_silver,southridge_video,silver,142.24,279.0,205,car_video,2,tv_and_video
312,sv_car_video_tft62w_e6281_silver,southridge_video,silver,132.05,259.0,205,car_video,2,tv_and_video
313,sv_car_video_tft62w_e6282_silver,southridge_video,silver,137.14,269.0,205,car_video,2,tv_and_video
314,sv_car_video_tft7_m7001_silver,southridge_video,silver,157.54,309.0,205,car_video,2,tv_and_video
315,sv_car_video_amfm_e1000_silver,southridge_video,silver,101.46,199.0,205,car_video,2,tv_and_video
316,sv_car_video_amfm_e1001_silver,southridge_video,silver,111.65,219.0,205,car_video,2,tv_and_video
317,sv_car_video_tft7_m7002_silver,southridge_video,silver,162.64,319.0,205,car_video,2,tv_and_video
318,sv_car_video_lcd92w_x9280_silver,southridge_video,silver,330.99,999.0,205,car_video,2,tv_and_video
319,sv_car_video_lcd92w_x9281_silver,southridge_video,silver,287.92,869.0,205,car_video,2,tv_and_video
320,sv_car_video_lcd7w_m7082_silver,southridge_video,silver,321.44,699.0,205,car_video,2,tv_and_video
321,sv_car_video_lcd7_m7001_silver,southridge_video,silver,151.3,329.0,205,car_video,2,tv_and_video
322,sv_car_video_lcd7_m7002_silver,southridge_video,silver,169.69,369.0,205,car_video,2,tv_and_video
323,sv_car_video_lcd7_m7003_silver,southridge_video,silver,169.69,369.0,205,car_video,2,tv_and_video
324,sv_car_video_lcd7w_m7080_brown,southridge_video,brown,229.93,500.0,205,car_video,2,tv_and_video
325,sv_car_video_lcd7w_m7081_brown,southridge_video,brown,229.47,499.0,205,car_video,2,tv_and_video
326,sv_car_video_tft7_m7000_brown,southridge_video,brown,152.44,299.0,205,car_video,2,tv_and_video
327,sv_car_video_tft62w_e6280_brown,southridge_video,brown,142.24,279.0,205,car_video,2,tv_and_video
328,sv_car_video_tft62w_e6281_brown,southridge_video,brown,132.05,259.0,205,car_video,2,tv_and_video
329,sv_car_video_tft62w_e6282_brown,southridge_video,brown,137.14,269.0,205,car_video,2,tv_and_video
330,sv_car_video_tft7_m7001_brown,southridge_video,brown,157.54,309.0,205,car_video,2,tv_and_video
331,sv_car_video_amfm_e1000_brown,southridge_video,brown,101.46,199.0,205,car_video,2,tv_and_video
332,sv_car_video_amfm_e1001_brown,southridge_video,brown,111.65,219.0,205,car_video,2,tv_and_video
333,sv_car_video_tft7_m7002_brown,southridge_video,brown,162.64,319.0,205,car_video,2,tv_and_video
334,sv_car_video_lcd92w_x9280_brown,southridge_video,brown,330.99,999.0,205,car_video,2,tv_and_video
335,sv_car_video_lcd92w_x9281_brown,southridge_video,brown,287.92,869.0,205,car_video,2,tv_and_video
336,sv_car_video_lcd7w_m7082_brown,southridge_video,brown,321.44,699.0,205,car_video,2,tv_and_video
337,sv_car_video_lcd7_m7001_brown,southridge_video,brown,151.3,329.0,205,car_video,2,tv_and_video
338,fabrikam_laptop19w_m9800_black,fabrikam,black,397.25,1199.0,301,laptops,3,computers
339,fabrikam_laptop17w_m7080_black,fabrikam,black,404.63,879.9,301,laptops,3,computers
340,fabrikam_laptop17_m7000_black,fabrikam,black,376.63,819.0,301,laptops,3,computers
341,fabrikam_laptop16w_m6080_black,fabrikam,black,444.69,967.0,301,laptops,3,computers
342,fabrikam_laptop16_m6000_black,fabrikam,black,275.46,599.0,301,laptops,3,computers
343,fabrikam_laptop19_m9000_black,fabrikam,black,364.12,1099.0,301,laptops,3,computers
344,fabrikam_laptop12_m2000_white,fabrikam,white,186.6,366.0,301,laptops,3,computers
345,fabrikam_laptop15_m5000_white,fabrikam,white,321.44,699.0,301,laptops,3,computers
346,fabrikam_laptop154_m5400_white,fabrikam,white,303.05,659.0,301,laptops,3,computers
347,fabrikam_laptop141_m4100_white,fabrikam,white,269.48,586.0,301,laptops,3,computers
348,fabrikam_laptop154w_m5480_white,fabrikam,white,348.58,758.0,301,laptops,3,computers
349,fabrikam_laptop101_m0100_white,fabrikam,white,195.26,383.0,301,laptops,3,computers
350,fabrikam_laptop12w_m2080_silver,fabrikam,silver,203.42,399.0,301,laptops,3,computers
351,fabrikam_laptop89w_e0880_silver,fabrikam,silver,171.3,336.0,301,laptops,3,computers
352,fabrikam_laptop89_e0800_silver,fabrikam,silver,163.15,320.0,301,laptops,3,computers
353,fabrikam_laptop101_m0101_silver,fabrikam,silver,196.23,384.9,301,laptops,3,computers
354,fabrikam_laptop12_m2001_silver,fabrikam,silver,195.24,382.95,301,laptops,3,computers
355,fabrikam_laptop89_m0801_silver,fabrikam,silver,185.32,363.5,301,laptops,3,computers
356,fabrikam_laptop141w_m4180_red,fabrikam,red,210.11,456.9,301,laptops,3,computers
357,fabrikam_laptop141_e4101_red,fabrikam,red,168.24,330.0,301,laptops,3,computers
358,fabrikam_laptop89_e8002_red,fabrikam,red,166.2,326.0,301,laptops,3,computers
359,fabrikam_laptop12_m2002_red,fabrikam,red,187.62,368.0,301,laptops,3,computers
360,fabrikam_laptop133_m3000_red,fabrikam,red,193.74,380.0,301,laptops,3,computers
361,fabrikam_laptop133w_m3080_red,fabrikam,red,198.32,389.0,301,laptops,3,computers
362,adventure_works_laptop19_x1900_black,adventure_works,black,430.38,1299.0,301,laptops,3,computers
363,adventure_works_laptop15_m1500_black,adventure_works,black,321.44,699.0,301,laptops,3,computers
364,adventure_works_laptop12_m1200_black,adventure_works,black,195.24,382.95,301,laptops,3,computers
365,adventure_works_laptop16_m1600_black,adventure_works,black,275.46,599.0,301,laptops,3,computers
366,adventure_works_laptop154w_m1548_black,adventure_works,black,348.58,758.0,301,laptops,3,computers
367,adventure_works_laptop89_e0890_black,adventure_works,black,166.2,326.0,301,laptops,3,computers
368,adventure_works_laptop19w_x1980_white,adventure_works,white,430.38,1299.0,301,laptops,3,computers
369,adventure_works_laptop15_m1501_white,adventure_works,white,321.44,699.0,301,laptops,3,computers
370,adventure_works_laptop12_m1201_white,adventure_works,white,195.24,382.95,301,laptops,3,computers
371,adventure_works_laptop16_m1601_white,adventure_works,white,275.46,599.0,301,laptops,3,computers
372,adventure_works_laptop154w_m1548_white,adventure_works,white,348.58,758.0,301,laptops,3,computers
373,adventure_works_laptop89_e0890_white,adventure_works,white,166.2,326.0,301,laptops,3,computers
374,adventure_works_laptop19w_x1980_silver,adventure_works,silver,430.38,1299.0,301,laptops,3,computers
375,adventure_works_laptop15_m1501_silver,adventure_works,silver,321.44,699.0,301,laptops,3,computers
376,adventure_works_laptop12_m1201_silver,adventure_works,silver,195.24,382.95,301,laptops,3,computers
377,adventure_works_laptop16_m1601_silver,adventure_works,silver,275.46,599.0,301,laptops,3,computers
378,adventure_works_laptop154w_m1548_silver,adventure_works,silver,348.58,758.0,301,laptops,3,computers
379,adventure_works_laptop89_e0890_silver,adventure_works,silver,166.2,326.0,301,laptops,3,computers
380,adventure_works_laptop19w_x1980_red,adventure_works,red,430.38,1299.0,301,laptops,3,computers
381,adventure_works_laptop15_m1501_red,adventure_works,red,321.44,699.0,301,laptops,3,computers
382,adventure_works_laptop12_m1201_red,adventure_works,red,195.24,382.95,301,laptops,3,computers
383,adventure_works_laptop16_m1601_red,adventure_works,red,275.46,599.0,301,laptops,3,computers
384,adventure_works_laptop154w_m1548_red,adventure_works,red,348.58,758.0,301,laptops,3,computers
385,adventure_works_laptop89_e0890_red,adventure_works,red,166.2,326.0,301,laptops,3,computers
386,adventure_works_laptop19w_x1980_blue,adventure_works,blue,430.38,1299.0,301,laptops,3,computers
387,adventure_works_laptop15_m1501_blue,adventure_works,blue,321.44,699.0,301,laptops,3,computers
388,adventure_works_laptop12_m1201_blue,adventure_works,blue,195.24,382.95,301,laptops,3,computers
389,adventure_works_laptop16_m1601_blue,adventure_works,blue,275.46,599.0,301,laptops,3,computers
390,wwi_laptop19w_x0196_black,wide_world_importers,black,430.38,1299.0,301,laptops,3,computers
391,wwi_laptop15_m0150_black,wide_world_importers,black,321.44,699.0,301,laptops,3,computers
392,wwi_laptop12_m0120_black,wide_world_importers,black,195.24,382.95,301,laptops,3,computers
393,wwi_laptop16_m0160_black,wide_world_importers,black,275.46,599.0,301,laptops,3,computers
394,wwi_laptop154w_m0156_black,wide_world_importers,black,348.58,758.0,301,laptops,3,computers
395,wwi_laptop89_e0089_black,wide_world_importers,black,166.2,326.0,301,laptops,3,computers
396,wwi_laptop19w_x0196_white,wide_world_importers,white,430.38,1299.0,301,laptops,3,computers
397,wwi_laptop15_m0150_white,wide_world_importers,white,321.44,699.0,301,laptops,3,computers
398,wwi_laptop12_m0120_white,wide_world_importers,white,195.24,382.95,301,laptops,3,computers
399,wwi_laptop16_m0160_white,wide_world_importers,white,275.46,599.0,301,laptops,3,computers
400,wwi_laptop154w_m0156_white,wide_world_importers,white,348.58,758.0,301,laptops,3,computers
401,wwi_laptop89_e0089_white,wide_world_importers,white,166.2,326.0,301,laptops,3,computers
402,wwi_laptop19w_x0196_blue,wide_world_importers,blue,430.38,1299.0,301,laptops,3,computers
403,wwi_laptop15_m0150_blue,wide_world_importers,blue,321.44,699.0,301,laptops,3,computers
404,proseware_laptop19_x910_black,proseware,black,430.38,1299.0,301,laptops,3,computers
405,proseware_laptop15_m510_black,proseware,black,321.44,699.0,301,laptops,3,computers
406,proseware_laptop12_m210_black,proseware,black,195.24,382.95,301,laptops,3,computers
407,proseware_laptop16_m610_black,proseware,black,275.46,599.0,301,laptops,3,computers
408,proseware_laptop154w_m518_black,proseware,black,348.58,758.0,301,laptops,3,computers
409,proseware_laptop89_e089_black,proseware,black,166.2,326.0,301,laptops,3,computers
410,proseware_laptop19w_x910_white,proseware,white,430.38,1299.0,301,laptops,3,computers
411,proseware_laptop15_m510_white,proseware,white,321.44,699.0,301,laptops,3,computers
412,proseware_laptop12_m210_white,proseware,white,195.24,382.95,301,laptops,3,computers
413,proseware_laptop16_m610_white,proseware,white,275.46,599.0,301,laptops,3,computers
414,proseware_laptop154w_m518_white,proseware,white,348.58,758.0,301,laptops,3,computers
415,proseware_laptop89_e089_white,proseware,white,166.2,326.0,301,laptops,3,computers
416,adventure_works_desktop_pc233_xd233_silver,adventure_works,silver,321.05,969.0,303,desktops,3,computers
417,adventure_works_desktop_pc230_md230_silver,adventure_works,silver,275.46,599.0,303,desktops,3,computers
418,adventure_works_desktop_pc160_ed160_silver,adventure_works,silver,137.63,269.95,303,desktops,3,computers
419,adventure_works_desktop_pc180_ed180_silver,adventure_works,silver,188.13,369.0,303,desktops,3,computers
420,adventure_works_desktop_pc180_ed182_silver,adventure_works,silver,254.86,499.9,303,desktops,3,computers
421,adventure_works_desktop_pc30_ms300_silver,adventure_works,silver,215.68,469.0,303,desktops,3,computers
422,adventure_works_desktop_pc233_xd233_black,adventure_works,black,321.05,969.0,303,desktops,3,computers
423,adventure_works_desktop_pc230_md230_black,adventure_works,black,275.46,599.0,303,desktops,3,computers
424,adventure_works_desktop_pc160_ed160_black,adventure_works,black,137.63,269.95,303,desktops,3,computers
425,adventure_works_desktop_pc180_ed180_black,adventure_works,black,188.13,369.0,303,desktops,3,computers
426,adventure_works_desktop_pc180_ed182_black,adventure_works,black,254.86,499.9,303,desktops,3,computers
427,adventure_works_desktop_pc30_ms300_black,adventure_works,black,215.68,469.0,303,desktops,3,computers
428,adventure_works_desktop_pc233_xd233_brown,adventure_works,brown,321.05,969.0,303,desktops,3,computers
429,adventure_works_desktop_pc230_md230_brown,adventure_works,brown,275.87,599.9,303,desktops,3,computers
430,adventure_works_desktop_pc160_ed160_brown,adventure_works,brown,137.63,269.95,303,desktops,3,computers
431,adventure_works_desktop_pc180_ed180_brown,adventure_works,brown,188.13,369.0,303,desktops,3,computers
432,adventure_works_desktop_pc180_ed182_brown,adventure_works,brown,254.86,499.9,303,desktops,3,computers
433,adventure_works_desktop_pc233_xd233_white,adventure_works,white,321.05,969.0,303,desktops,3,computers
434,adventure_works_desktop_pc230_md230_white,adventure_works,white,275.46,599.0,303,desktops,3,computers
435,adventure_works_desktop_pc160_ed160_white,adventure_works,white,137.63,269.95,303,desktops,3,computers
436,adventure_works_desktop_pc180_ed180_white,adventure_works,white,188.13,369.0,303,desktops,3,computers
437,adventure_works_desktop_pc180_ed182_white,adventure_works,white,254.86,499.9,303,desktops,3,computers
438,wwi_desktop_pc233_x2330_silver,wide_world_importers,silver,304.48,919.0,303,desktops,3,computers
439,wwi_desktop_pc230_m2300_brown,wide_world_importers,brown,257.06,559.0,303,desktops,3,computers
440,wwi_desktop_pc160_e1600_silver,wide_world_importers,silver,112.14,219.95,303,desktops,3,computers
441,wwi_desktop_pc180_e1800_brown,wide_world_importers,brown,117.21,229.9,303,desktops,3,computers
442,wwi_desktop_pc180_e1801_silver,wide_world_importers,silver,137.6,269.9,303,desktops,3,computers
443,wwi_desktop_pc30_m0300_silver,wide_world_importers,silver,160.49,349.0,303,desktops,3,computers
444,wwi_desktop_pc233_x2330_black,wide_world_importers,black,304.48,919.0,303,desktops,3,computers
445,wwi_desktop_pc230_m2300_black,wide_world_importers,black,257.06,559.0,303,desktops,3,computers
446,wwi_desktop_pc160_e1600_black,wide_world_importers,black,112.14,219.95,303,desktops,3,computers
447,wwi_desktop_pc180_e1800_black,wide_world_importers,black,117.21,229.9,303,desktops,3,computers
448,wwi_desktop_pc180_e1801_black,wide_world_importers,black,137.6,269.9,303,desktops,3,computers
449,wwi_desktop_pc30_m0300_black,wide_world_importers,black,160.49,349.0,303,desktops,3,computers
450,wwi_desktop_pc233_x2330_brown,wide_world_importers,brown,304.48,919.0,303,desktops,3,computers
451,wwi_desktop_pc230_m2300_silver,wide_world_importers,silver,257.06,559.0,303,desktops,3,computers
452,wwi_desktop_pc160_e1600_red,wide_world_importers,red,112.14,219.95,303,desktops,3,computers
453,wwi_desktop_pc180_e1800_silver,wide_world_importers,silver,117.21,229.9,303,desktops,3,computers
454,wwi_desktop_pc180_e1801_brown,wide_world_importers,brown,137.6,269.9,303,desktops,3,computers
455,wwi_desktop_pc233_x2330_white,wide_world_importers,white,304.48,919.0,303,desktops,3,computers
456,wwi_desktop_pc230_m2300_white,wide_world_importers,white,257.06,559.0,303,desktops,3,computers
457,wwi_desktop_pc160_e1600_white,wide_world_importers,white,112.14,219.95,303,desktops,3,computers
458,wwi_desktop_pc180_e1800_white,wide_world_importers,white,117.21,229.9,303,desktops,3,computers
459,wwi_desktop_pc180_e1801_white,wide_world_importers,white,137.6,269.9,303,desktops,3,computers
460,wwi_desktop_pc180_e1802_white,wide_world_importers,white,152.9,299.9,303,desktops,3,computers
461,proseware_lcd24_x300_black,proseware,black,271.35,819.0,304,monitors,3,computers
462,proseware_lcd24w_x300_black,proseware,black,287.92,869.0,304,monitors,3,computers
463,proseware_lcd22_m2000_black,proseware,black,205.09,619.0,304,monitors,3,computers
464,proseware_lcd22w_m2001_black,proseware,black,224.97,679.0,304,monitors,3,computers
465,proseware_lcd20_m200_black,proseware,black,119.11,259.0,304,monitors,3,computers
466,proseware_lcd20w_m230_black,proseware,black,128.3,279.0,304,monitors,3,computers
467,proseware_lcd19_e1000_black,proseware,black,63.92,139.0,304,monitors,3,computers
468,proseware_lcd19w_m100_black,proseware,black,82.32,179.0,304,monitors,3,computers
469,proseware_lcd17_e200_black,proseware,black,50.47,99.0,304,monitors,3,computers
470,proseware_lcd17w_e202_black,proseware,black,65.77,129.0,304,monitors,3,computers
471,proseware_lcd15_e103_black,proseware,black,50.47,99.0,304,monitors,3,computers
472,proseware_crt19_e201_black,proseware,black,35.18,69.0,304,monitors,3,computers
473,proseware_crt17_e104_black,proseware,black,30.08,59.0,304,monitors,3,computers
474,proseware_crt15_e10_black,proseware,black,24.98,49.0,304,monitors,3,computers
475,proseware_lcd24_x300_white,proseware,white,271.35,819.0,304,monitors,3,computers
476,proseware_lcd24w_x300_white,proseware,white,287.92,869.0,304,monitors,3,computers
477,proseware_lcd22_m2000_white,proseware,white,205.09,619.0,304,monitors,3,computers
478,proseware_lcd22w_m2001_white,proseware,white,224.97,679.0,304,monitors,3,computers
479,proseware_lcd20_m200_white,proseware,white,119.11,259.0,304,monitors,3,computers
480,proseware_lcd20w_m230_white,proseware,white,128.3,279.0,304,monitors,3,computers
481,proseware_lcd19_e1000_white,proseware,white,63.92,139.0,304,monitors,3,computers
482,proseware_lcd19w_m100_white,proseware,white,82.32,179.0,304,monitors,3,computers
483,proseware_lcd17_e200_white,proseware,white,50.47,99.0,304,monitors,3,computers
484,proseware_lcd17w_e202_white,proseware,white,65.77,129.0,304,monitors,3,computers
485,proseware_lcd15_e103_white,proseware,white,50.47,99.0,304,monitors,3,computers
486,proseware_crt19_e201_white,proseware,white,35.18,69.0,304,monitors,3,computers
487,proseware_crt17_e104_white,proseware,white,30.08,59.0,304,monitors,3,computers
488,proseware_crt15_e10_white,proseware,white,24.98,49.0,304,monitors,3,computers
489,adventure_works_lcd24_x300_black,adventure_works,black,271.35,819.0,304,monitors,3,computers
490,adventure_works_lcd24w_x300_black,adventure_works,black,287.92,869.0,304,monitors,3,computers
491,adventure_works_lcd22_m200_black,adventure_works,black,205.09,619.0,304,monitors,3,computers
492,adventure_works_lcd22w_m200_black,adventure_works,black,224.97,679.0,304,monitors,3,computers
493,adventure_works_lcd20_m210_black,adventure_works,black,119.11,259.0,304,monitors,3,computers
494,adventure_works_lcd20w_m240_black,adventure_works,black,128.3,279.0,304,monitors,3,computers
495,adventure_works_lcd19_e108_black,adventure_works,black,70.87,139.0,304,monitors,3,computers
496,adventure_works_lcd19w_m100_black,adventure_works,black,82.32,179.0,304,monitors,3,computers
497,adventure_works_lcd17_e200_black,adventure_works,black,50.47,99.0,304,monitors,3,computers
498,adventure_works_lcd17w_e203_black,adventure_works,black,65.77,129.0,304,monitors,3,computers
499,adventure_works_lcd15_e100_black,adventure_works,black,50.47,99.0,304,monitors,3,computers
500,adventure_works_crt19_e10_black,adventure_works,black,22.86,69.0,304,monitors,3,computers
501,adventure_works_crt17_e105_black,adventure_works,black,30.08,59.0,304,monitors,3,computers
502,adventure_works_crt15_e101_black,adventure_works,black,29.82,90.0,304,monitors,3,computers
503,adventure_works_lcd24_x300_white,adventure_works,white,271.35,819.0,304,monitors,3,computers
504,adventure_works_lcd24w_x300_white,adventure_works,white,287.92,869.0,304,monitors,3,computers
505,adventure_works_lcd22_m200_white,adventure_works,white,205.09,619.0,304,monitors,3,computers
506,adventure_works_lcd22w_m200_white,adventure_works,white,224.97,679.0,304,monitors,3,computers
507,adventure_works_lcd20_m210_white,adventure_works,white,119.11,259.0,304,monitors,3,computers
508,adventure_works_lcd20w_m240_white,adventure_works,white,128.3,279.0,304,monitors,3,computers
509,adventure_works_lcd19_e108_white,adventure_works,white,70.87,139.0,304,monitors,3,computers
510,adventure_works_lcd19w_m100_white,adventure_works,white,82.32,179.0,304,monitors,3,computers
511,adventure_works_lcd17_e200_white,adventure_works,white,50.47,99.0,304,monitors,3,computers
512,adventure_works_lcd17w_e203_white,adventure_works,white,65.77,129.0,304,monitors,3,computers
513,adventure_works_lcd15_e100_white,adventure_works,white,50.47,99.0,304,monitors,3,computers
514,adventure_works_crt19_e10_white,adventure_works,white,22.86,69.0,304,monitors,3,computers
515,adventure_works_crt17_e105_white,adventure_works,white,30.08,59.0,304,monitors,3,computers
516,adventure_works_crt15_e101_white,adventure_works,white,29.82,90.0,304,monitors,3,computers
517,wwi_lcd24_x300_black,wide_world_importers,black,271.35,819.0,304,monitors,3,computers
518,wwi_lcd24w_x300_black,wide_world_importers,black,287.92,869.0,304,monitors,3,computers
519,wwi_lcd22_m2002_black,wide_world_importers,black,205.09,619.0,304,monitors,3,computers
520,wwi_lcd22w_m2003_black,wide_world_importers,black,224.97,679.0,304,monitors,3,computers
521,wwi_lcd20_m220_black,wide_world_importers,black,119.11,259.0,304,monitors,3,computers
522,wwi_lcd20w_m250_black,wide_world_importers,black,128.3,279.0,304,monitors,3,computers
523,wwi_lcd19_e107_black,wide_world_importers,black,70.87,139.0,304,monitors,3,computers
524,wwi_lcd19w_m100_black,wide_world_importers,black,82.32,179.0,304,monitors,3,computers
525,wwi_lcd17_e200_black,wide_world_importers,black,50.47,99.0,304,monitors,3,computers
526,wwi_lcd17w_e200_black,wide_world_importers,black,65.77,129.0,304,monitors,3,computers
527,wwi_crt17_e106_black,wide_world_importers,black,50.47,99.0,304,monitors,3,computers
528,wwi_lcd24_x300_white,wide_world_importers,white,271.35,819.0,304,monitors,3,computers
529,wwi_lcd24w_x300_white,wide_world_importers,white,287.92,869.0,304,monitors,3,computers
530,wwi_lcd22_m2002_white,wide_world_importers,white,205.09,619.0,304,monitors,3,computers
531,wwi_lcd22w_m2003_white,wide_world_importers,white,224.97,679.0,304,monitors,3,computers
532,wwi_lcd20_m220_white,wide_world_importers,white,119.11,259.0,304,monitors,3,computers
533,wwi_lcd20w_m250_white,wide_world_importers,white,128.3,279.0,304,monitors,3,computers
534,wwi_lcd19_e107_white,wide_world_importers,white,70.87,139.0,304,monitors,3,computers
535,wwi_lcd19w_m100_white,wide_world_importers,white,82.32,179.0,304,monitors,3,computers
536,wwi_lcd17_e205_white,wide_world_importers,white,50.47,99.0,304,monitors,3,computers
537,wwi_lcd17w_e200_white,wide_world_importers,white,65.77,129.0,304,monitors,3,computers
538,wwi_crt17_e106_white,wide_world_importers,white,50.47,99.0,304,monitors,3,computers
539,proseware_projector_1080p_lcd86_black,proseware,black,760.38,2295.0,305,projectors_screens,3,computers
540,proseware_projector_1080p_dlp86_black,proseware,black,827.97,2499.0,305,projectors_screens,3,computers
541,proseware_projector_720p_lcd56_black,proseware,black,321.44,699.0,305,projectors_screens,3,computers
542,proseware_projector_720p_dlp56_black,proseware,black,459.4,999.0,305,projectors_screens,3,computers
543,proseware_projector_480p_lcd12_black,proseware,black,116.75,229.0,305,projectors_screens,3,computers
544,proseware_projector_480p_dlp12_black,proseware,black,254.4,499.0,305,projectors_screens,3,computers
545,proseware_screen_125in_x1609_black,proseware,black,152.08,459.0,305,projectors_screens,3,computers
546,proseware_screen_113in_x1609_black,proseware,black,99.06,299.0,305,projectors_screens,3,computers
547,proseware_screen_106in_m1609_black,proseware,black,115.43,251.0,305,projectors_screens,3,computers
548,proseware_screen_100in_m1609_black,proseware,black,87.37,190.0,305,projectors_screens,3,computers
549,proseware_screen_85in_e1010_black,proseware,black,70.87,139.0,305,projectors_screens,3,computers
550,proseware_screen_80in_e1010_black,proseware,black,55.57,109.0,305,projectors_screens,3,computers
551,proseware_projector_1080p_lcd86_white,proseware,white,760.38,2295.0,305,projectors_screens,3,computers
552,proseware_projector_1080p_dlp86_white,proseware,white,827.97,2499.0,305,projectors_screens,3,computers
553,proseware_projector_720p_lcd56_white,proseware,white,321.44,699.0,305,projectors_screens,3,computers
554,proseware_projector_720p_dlp56_white,proseware,white,459.4,999.0,305,projectors_screens,3,computers
555,proseware_projector_480p_lcd12_white,proseware,white,116.75,229.0,305,projectors_screens,3,computers
556,proseware_projector_480p_dlp12_white,proseware,white,254.4,499.0,305,projectors_screens,3,computers
557,proseware_screen_125in_x1609_white,proseware,white,152.08,459.0,305,projectors_screens,3,computers
558,proseware_screen_113in_x1609_white,proseware,white,99.06,299.0,305,projectors_screens,3,computers
559,proseware_screen_106in_m1609_white,proseware,white,115.43,251.0,305,projectors_screens,3,computers
560,proseware_screen_100in_m1609_white,proseware,white,87.37,190.0,305,projectors_screens,3,computers
561,proseware_screen_85in_e1010_white,proseware,white,70.87,139.0,305,projectors_screens,3,computers
562,proseware_screen_80in_e1010_white,proseware,white,55.57,109.0,305,projectors_screens,3,computers
563,proseware_projector_1080p_lcd86_silver,proseware,silver,760.38,2295.0,305,projectors_screens,3,computers
564,proseware_projector_1080p_dlp86_silver,proseware,silver,827.97,2499.0,305,projectors_screens,3,computers
565,proseware_projector_720p_lcd56_silver,proseware,silver,321.44,699.0,305,projectors_screens,3,computers
566,proseware_projector_720p_dlp56_silver,proseware,silver,459.4,999.0,305,projectors_screens,3,computers
567,proseware_projector_480p_lcd12_silver,proseware,silver,116.75,229.0,305,projectors_screens,3,computers
568,proseware_projector_480p_dlp12_silver,proseware,silver,254.4,499.0,305,projectors_screens,3,computers
569,proseware_screen_125in_x1609_silver,proseware,silver,152.08,459.0,305,projectors_screens,3,computers
570,proseware_screen_113in_x1609_silver,proseware,silver,99.06,299.0,305,projectors_screens,3,computers
571,proseware_screen_106in_m1609_silver,proseware,silver,115.43,251.0,305,projectors_screens,3,computers
572,proseware_screen_100in_m1609_silver,proseware,silver,87.37,190.0,305,projectors_screens,3,computers
573,proseware_screen_85in_e1010_silver,proseware,silver,70.87,139.0,305,projectors_screens,3,computers
574,proseware_screen_80in_e1010_silver,proseware,silver,55.57,109.0,305,projectors_screens,3,computers
575,contoso_projector_1080p_x980_black,contoso,black,760.38,2295.0,305,projectors_screens,3,computers
576,contoso_projector_1080p_x981_black,contoso,black,827.97,2499.0,305,projectors_screens,3,computers
577,contoso_projector_720p_m620_black,contoso,black,321.44,699.0,305,projectors_screens,3,computers
578,contoso_projector_720p_m621_black,contoso,black,459.4,999.0,305,projectors_screens,3,computers
579,contoso_projector_480p_m480_black,contoso,black,116.75,229.0,305,projectors_screens,3,computers
580,contoso_projector_480p_m481_black,contoso,black,254.4,499.0,305,projectors_screens,3,computers
581,contoso_screen_125in_m250_black,contoso,black,152.08,459.0,305,projectors_screens,3,computers
582,contoso_screen_113in_m251_black,contoso,black,137.5,299.0,305,projectors_screens,3,computers
583,contoso_screen_106in_m060_black,contoso,black,83.16,251.0,305,projectors_screens,3,computers
584,contoso_screen_100in_e010_black,contoso,black,62.95,190.0,305,projectors_screens,3,computers
585,contoso_screen_85in_e085_black,contoso,black,70.87,139.0,305,projectors_screens,3,computers
586,contoso_screen_80in_e080_black,contoso,black,55.57,109.0,305,projectors_screens,3,computers
587,contoso_projector_1080p_x980_white,contoso,white,760.38,2295.0,305,projectors_screens,3,computers
588,contoso_projector_1080p_x981_white,contoso,white,827.97,2499.0,305,projectors_screens,3,computers
589,contoso_projector_720p_m620_white,contoso,white,321.44,699.0,305,projectors_screens,3,computers
590,contoso_projector_720p_m621_white,contoso,white,459.4,999.0,305,projectors_screens,3,computers
591,contoso_projector_480p_m480_white,contoso,white,116.75,229.0,305,projectors_screens,3,computers
592,contoso_projector_480p_m481_white,contoso,white,254.4,499.0,305,projectors_screens,3,computers
593,contoso_screen_125in_m250_white,contoso,white,152.08,459.0,305,projectors_screens,3,computers
594,contoso_screen_113in_m251_white,contoso,white,137.5,299.0,305,projectors_screens,3,computers
595,contoso_screen_106in_m060_white,contoso,white,83.16,251.0,305,projectors_screens,3,computers
596,contoso_screen_100in_e010_white,contoso,white,62.95,190.0,305,projectors_screens,3,computers
597,contoso_screen_85in_e085_white,contoso,white,70.87,139.0,305,projectors_screens,3,computers
598,contoso_screen_80in_e080_white,contoso,white,55.57,109.0,305,projectors_screens,3,computers
599,contoso_projector_1080p_x980_silver,contoso,silver,760.38,2295.0,305,projectors_screens,3,computers
600,contoso_projector_1080p_x981_silver,contoso,silver,827.97,2499.0,305,projectors_screens,3,computers
601,contoso_projector_720p_m620_silver,contoso,silver,321.44,699.0,305,projectors_screens,3,computers
602,contoso_projector_720p_m621_silver,contoso,silver,459.4,999.0,305,projectors_screens,3,computers
603,contoso_projector_480p_m480_silver,contoso,silver,116.75,229.0,305,projectors_screens,3,computers
604,contoso_projector_480p_m481_silver,contoso,silver,254.4,499.0,305,projectors_screens,3,computers
605,contoso_screen_125in_m250_silver,contoso,silver,152.08,459.0,305,projectors_screens,3,computers
606,contoso_screen_113in_m251_silver,contoso,silver,137.5,299.0,305,projectors_screens,3,computers
607,contoso_screen_106in_m060_silver,contoso,silver,83.16,251.0,305,projectors_screens,3,computers
608,contoso_screen_100in_e010_silver,contoso,silver,62.95,190.0,305,projectors_screens,3,computers
609,contoso_screen_85in_e085_silver,contoso,silver,70.87,139.0,305,projectors_screens,3,computers
610,contoso_screen_80in_e080_silver,contoso,silver,55.57,109.0,305,projectors_screens,3,computers
611,wwi_projector_1080p_lcd86_black,wide_world_importers,black,760.38,2295.0,305,projectors_screens,3,computers
612,wwi_projector_1080p_dlp86_black,wide_world_importers,black,827.97,2499.0,305,projectors_screens,3,computers
613,wwi_projector_720p_lcd56_black,wide_world_importers,black,321.44,699.0,305,projectors_screens,3,computers
614,wwi_projector_720p_dlp56_black,wide_world_importers,black,459.4,999.0,305,projectors_screens,3,computers
615,wwi_projector_480p_lcd12_black,wide_world_importers,black,116.75,229.0,305,projectors_screens,3,computers
616,wwi_projector_480p_dlp12_black,wide_world_importers,black,254.4,499.0,305,projectors_screens,3,computers
617,wwi_screen_125in_m1611_black,wide_world_importers,black,152.08,459.0,305,projectors_screens,3,computers
618,wwi_screen_113in_m1610_black,wide_world_importers,black,99.06,299.0,305,projectors_screens,3,computers
619,wwi_screen_106in_m1609_black,wide_world_importers,black,115.43,251.0,305,projectors_screens,3,computers
620,wwi_screen_100in_m1609_black,wide_world_importers,black,87.37,190.0,305,projectors_screens,3,computers
621,wwi_screen_85in_e1010_black,wide_world_importers,black,70.87,139.0,305,projectors_screens,3,computers
622,wwi_projector_1080p_lcd86_white,wide_world_importers,white,760.38,2295.0,305,projectors_screens,3,computers
623,wwi_projector_1080p_dlp86_white,wide_world_importers,white,827.97,2499.0,305,projectors_screens,3,computers
624,wwi_projector_720p_lcd56_white,wide_world_importers,white,321.44,699.0,305,projectors_screens,3,computers
625,wwi_projector_720p_dlp56_white,wide_world_importers,white,459.4,999.0,305,projectors_screens,3,computers
626,wwi_projector_480p_lcd12_white,wide_world_importers,white,116.75,229.0,305,projectors_screens,3,computers
627,wwi_projector_480p_dlp12_white,wide_world_importers,white,254.4,499.0,305,projectors_screens,3,computers
628,wwi_screen_125in_m1611_white,wide_world_importers,white,152.08,459.0,305,projectors_screens,3,computers
629,wwi_screen_113in_m1610_white,wide_world_importers,white,99.06,299.0,305,projectors_screens,3,computers
630,wwi_screen_106in_m1609_white,wide_world_importers,white,115.43,251.0,305,projectors_screens,3,computers
631,wwi_screen_100in_m1609_white,wide_world_importers,white,87.37,190.0,305,projectors_screens,3,computers
632,wwi_screen_85in_e1010_white,wide_world_importers,white,70.87,139.0,305,projectors_screens,3,computers
633,wwi_projector_1080p_lcd86_silver,wide_world_importers,silver,760.38,2295.0,305,projectors_screens,3,computers
634,wwi_projector_1080p_dlp86_silver,wide_world_importers,silver,827.97,2499.0,305,projectors_screens,3,computers
635,wwi_projector_720p_lcd56_silver,wide_world_importers,silver,321.44,699.0,305,projectors_screens,3,computers
636,wwi_projector_720p_dlp56_silver,wide_world_importers,silver,459.4,999.0,305,projectors_screens,3,computers
637,wwi_projector_480p_lcd12_silver,wide_world_importers,silver,116.75,229.0,305,projectors_screens,3,computers
638,wwi_projector_480p_dlp12_silver,wide_world_importers,silver,254.4,499.0,305,projectors_screens,3,computers
639,wwi_screen_125in_m1611_silver,wide_world_importers,silver,152.08,459.0,305,projectors_screens,3,computers
640,wwi_screen_113in_m1610_silver,wide_world_importers,silver,99.06,299.0,305,projectors_screens,3,computers
641,wwi_screen_106in_m1609_silver,wide_world_importers,silver,115.43,251.0,305,projectors_screens,3,computers
642,proseware_photo_ink_jet_printer_m100_black,proseware,black,73.12,159.0,306,printers_scanners_fax,3,computers
643,proseware_ink_jet_all_in_one_m300_black,proseware,black,77.72,169.0,306,printers_scanners_fax,3,computers
644,proseware_laser_jet_printer_e100_black,proseware,black,40.28,79.0,306,printers_scanners_fax,3,computers
645,proseware_laser_jet_color_printer_x300_black,proseware,black,69.25,209.0,306,printers_scanners_fax,3,computers
646,proseware_laser_jet_all_in_one_x300_black,proseware,black,72.56,219.0,306,printers_scanners_fax,3,computers
647,proseware_fax_phone_e100_black,proseware,black,44.36,87.0,306,printers_scanners_fax,3,computers
648,proseware_fax_machine_e100_black,proseware,black,40.28,79.0,306,printers_scanners_fax,3,computers
649,proseware_laser_fax_printer_e100_black,proseware,black,46.39,91.0,306,printers_scanners_fax,3,computers
650,proseware_ink_jet_fax_machine_e100_black,proseware,black,39.77,78.0,306,printers_scanners_fax,3,computers
651,proseware_mobile_receipt_and_document_scanner_m200_black,proseware,black,53.34,116.0,306,printers_scanners_fax,3,computers
652,proseware_scan_jet_digital_flat_bed_scanner_m300_black,proseware,black,55.64,121.0,306,printers_scanners_fax,3,computers
653,proseware_allinone_photo_printer_m200_black,proseware,black,62.54,136.0,306,printers_scanners_fax,3,computers
654,proseware_ink_jet_wireless_allinone_printer_m400_black,proseware,black,59.32,129.0,306,printers_scanners_fax,3,computers
655,proseware_ink_jet_instant_pdf_sheetfed_scanner_m300_black,proseware,black,73.58,160.0,306,printers_scanners_fax,3,computers
656,proseware_desk_jet_allinone_printer_scanner_copier_m350_black,proseware,black,72.66,158.0,306,printers_scanners_fax,3,computers
657,proseware_duplex_scanner_m200_black,proseware,black,68.52,149.0,306,printers_scanners_fax,3,computers
658,proseware_high_speed_laser_m2000_black,proseware,black,69.25,209.0,306,printers_scanners_fax,3,computers
659,proseware_laser_fax_printer_m250_black,proseware,black,54.26,118.0,306,printers_scanners_fax,3,computers
660,proseware_color_ink_jet_fax_copier_phone_m250_black,proseware,black,73.12,159.0,306,printers_scanners_fax,3,computers
661,proseware_color_inkjet_fax_with_58_ghz_cordless_handset_x250_black,proseware,black,75.54,228.0,306,printers_scanners_fax,3,computers
662,proseware_slimdesign_fax_machine_with_answering_system_x180_black,proseware,black,78.19,236.0,306,printers_scanners_fax,3,computers
663,proseware_highperformance_businessclass_laser_fax_x200_black,proseware,black,82.17,248.0,306,printers_scanners_fax,3,computers
664,proseware_professional_quality_plainpaper_fax_and_copier_x100_black,proseware,black,75.87,229.0,306,printers_scanners_fax,3,computers
665,proseware_photo_inkjet_printer_e290_black,proseware,black,52.0,102.0,306,printers_scanners_fax,3,computers
666,proseware_office_jet_allinone_printer_m500_black,proseware,black,74.96,163.0,306,printers_scanners_fax,3,computers
667,proseware_office_jet_wireless_allinone_inkjet_printer_m600_black,proseware,black,87.37,190.0,306,printers_scanners_fax,3,computers
668,proseware_photo_smart_allinone_printer_m380_black,proseware,black,67.6,147.0,306,printers_scanners_fax,3,computers
669,proseware_wireless_photo_allinone_printer_m390_black,proseware,black,86.45,188.0,306,printers_scanners_fax,3,computers
670,proseware_23ppm_laser_printer_with_wireless_and_wired_network_interfaces_m680_black,proseware,black,90.13,196.0,306,printers_scanners_fax,3,computers
671,proseware_photo_inkjet_printer_m100_grey,proseware,grey,73.12,159.0,306,printers_scanners_fax,3,computers
672,proseware_ink_jet_all_in_one_m300_grey,proseware,grey,77.72,169.0,306,printers_scanners_fax,3,computers
673,proseware_laser_jet_printer_e100_grey,proseware,grey,40.28,79.0,306,printers_scanners_fax,3,computers
674,proseware_laser_jet_color_printer_x300_grey,proseware,grey,69.25,209.0,306,printers_scanners_fax,3,computers
675,proseware_laser_jet_all_in_one_x300_grey,proseware,grey,72.56,219.0,306,printers_scanners_fax,3,computers
676,proseware_fax_phone_e100_grey,proseware,grey,44.36,87.0,306,printers_scanners_fax,3,computers
677,proseware_fax_machine_e100_grey,proseware,grey,40.28,79.0,306,printers_scanners_fax,3,computers
678,proseware_laser_fax_printer_e100_grey,proseware,grey,46.39,91.0,306,printers_scanners_fax,3,computers
679,proseware_ink_jet_fax_machine_e100_grey,proseware,grey,39.77,78.0,306,printers_scanners_fax,3,computers
680,proseware_mobile_receipt_and_document_scanner_m200_grey,proseware,grey,53.34,116.0,306,printers_scanners_fax,3,computers
681,proseware_scan_jet_digital_flat_bed_scanner_m300_grey,proseware,grey,55.64,121.0,306,printers_scanners_fax,3,computers
682,proseware_allinone_photo_printer_m200_grey,proseware,grey,62.54,136.0,306,printers_scanners_fax,3,computers
683,proseware_ink_jet_wireless_allinone_printer_m400_grey,proseware,grey,59.32,129.0,306,printers_scanners_fax,3,computers
684,proseware_ink_jet_instant_pdf_sheetfed_scanner_m300_grey,proseware,grey,73.58,160.0,306,printers_scanners_fax,3,computers
685,proseware_desk_jet_allinone_printer_scanner_copier_m350_grey,proseware,grey,72.66,158.0,306,printers_scanners_fax,3,computers
686,proseware_duplex_scanner_m200_grey,proseware,grey,68.52,149.0,306,printers_scanners_fax,3,computers
687,proseware_high_speed_laser_fax_m2000_grey,proseware,grey,69.25,209.0,306,printers_scanners_fax,3,computers
688,proseware_laser_fax_printer_m250_grey,proseware,grey,54.26,118.0,306,printers_scanners_fax,3,computers
689,proseware_color_ink_jet_fax_copier_phone_m250_grey,proseware,grey,73.12,159.0,306,printers_scanners_fax,3,computers
690,proseware_color_ink_jet_fax_with_58_ghz_cordless_handset_x250_grey,proseware,grey,75.54,228.0,306,printers_scanners_fax,3,computers
691,proseware_slimdesign_fax_machine_with_answering_system_x180_grey,proseware,grey,78.19,236.0,306,printers_scanners_fax,3,computers
692,proseware_highperformance_businessclass_laser_fax_x200_grey,proseware,grey,82.17,248.0,306,printers_scanners_fax,3,computers
693,proseware_professional_quality_plainpaper_fax_and_copier_x100_grey,proseware,grey,75.87,229.0,306,printers_scanners_fax,3,computers
694,proseware_photo_ink_jet_printer_e290_grey,proseware,grey,52.0,102.0,306,printers_scanners_fax,3,computers
695,proseware_office_jet_allinone_printer_m500_grey,proseware,grey,74.96,163.0,306,printers_scanners_fax,3,computers
696,proseware_office_jet_wireless_allinone_inkjet_printer_m600_grey,proseware,grey,87.37,190.0,306,printers_scanners_fax,3,computers
697,proseware_photo_smart_allinone_printer_m380_grey,proseware,grey,67.6,147.0,306,printers_scanners_fax,3,computers
698,proseware_wireless_photo_allinone_printer_m390_grey,proseware,grey,86.45,188.0,306,printers_scanners_fax,3,computers
699,proseware_23ppm_laser_printer_with_wireless_and_wired_network_interfaces_m680_grey,proseware,grey,90.13,196.0,306,printers_scanners_fax,3,computers
700,proseware_photo_ink_jet_printer_m100_white,proseware,white,73.12,159.0,306,printers_scanners_fax,3,computers
701,proseware_ink_jet_all_in_one_m300_white,proseware,white,77.72,169.0,306,printers_scanners_fax,3,computers
702,proseware_laser_jet_printer_e100_white,proseware,white,40.28,79.0,306,printers_scanners_fax,3,computers
703,proseware_laser_jet_color_printer_x300_white,proseware,white,69.25,209.0,306,printers_scanners_fax,3,computers
704,proseware_laser_jet_all_in_one_x300_white,proseware,white,72.56,219.0,306,printers_scanners_fax,3,computers
705,proseware_fax_phone_e100_white,proseware,white,44.36,87.0,306,printers_scanners_fax,3,computers
706,proseware_fax_machine_e100_white,proseware,white,40.28,79.0,306,printers_scanners_fax,3,computers
707,proseware_laser_fax_printer_e100_white,proseware,white,46.39,91.0,306,printers_scanners_fax,3,computers
708,proseware_ink_jet_fax_machine_e100_white,proseware,white,39.77,78.0,306,printers_scanners_fax,3,computers
709,proseware_mobile_receipt_and_document_scanner_m200_white,proseware,white,53.34,116.0,306,printers_scanners_fax,3,computers
710,proseware_scan_jet_digital_flat_bed_scanner_m300_white,proseware,white,55.64,121.0,306,printers_scanners_fax,3,computers
711,proseware_allinone_photo_printer_m200_white,proseware,white,62.54,136.0,306,printers_scanners_fax,3,computers
712,proseware_ink_jet_wireless_allinone_printer_m400_white,proseware,white,59.32,129.0,306,printers_scanners_fax,3,computers
713,proseware_ink_jet_instant_pdf_sheetfed_scanner_m300_white,proseware,white,73.58,160.0,306,printers_scanners_fax,3,computers
714,proseware_desk_jet_allinone_printer_scanner_copier_m350_white,proseware,white,72.66,158.0,306,printers_scanners_fax,3,computers
715,proseware_duplex_scanner_m200_white,proseware,white,68.52,149.0,306,printers_scanners_fax,3,computers
716,proseware_high_speed_laser_m2000_white,proseware,white,69.25,209.0,306,printers_scanners_fax,3,computers
717,proseware_laser_fax_printer_m250_white,proseware,white,54.26,118.0,306,printers_scanners_fax,3,computers
718,proseware_color_ink_jet_fax_copier_phone_m250_white,proseware,white,73.12,159.0,306,printers_scanners_fax,3,computers
719,proseware_color_ink_jet_fax_with_58_ghz_cordless_handset_x250_white,proseware,white,75.54,228.0,306,printers_scanners_fax,3,computers
720,proseware_slimdesign_fax_machine_with_answering_system_x180_white,proseware,white,78.19,236.0,306,printers_scanners_fax,3,computers
721,proseware_highperformance_businessclass_laser_fax_x200_white,proseware,white,82.17,248.0,306,printers_scanners_fax,3,computers
722,proseware_professional_quality_plainpaper_fax_and_copier_x100_white,proseware,white,75.87,229.0,306,printers_scanners_fax,3,computers
723,proseware_photo_ink_jet_printer_e290_white,proseware,white,52.0,102.0,306,printers_scanners_fax,3,computers
724,proseware_office_jet_allinone_printer_m500_white,proseware,white,74.96,163.0,306,printers_scanners_fax,3,computers
725,proseware_office_jet_wireless_allinone_inkjet_printer_m600_white,proseware,white,87.37,190.0,306,printers_scanners_fax,3,computers
726,proseware_photo_smart_allinone_printer_m380_white,proseware,white,67.6,147.0,306,printers_scanners_fax,3,computers
727,proseware_wireless_photo_allinone_printer_m390_white,proseware,white,86.45,188.0,306,printers_scanners_fax,3,computers
728,proseware_23ppm_laser_printer_with_wireless_and_wired_network_interfaces_m680_white,proseware,white,90.13,196.0,306,printers_scanners_fax,3,computers
729,proseware_scan_jet_digital_flat_bed_scanner_m300_green,proseware,green,55.64,121.0,306,printers_scanners_fax,3,computers
730,proseware_allinone_photo_printer_m200_green,proseware,green,62.54,136.0,306,printers_scanners_fax,3,computers
731,proseware_ink_jet_wireless_allinone_printer_m400_green,proseware,green,59.32,129.0,306,printers_scanners_fax,3,computers
732,proseware_ink_jet_instant_pdf_sheetfed_scanner_m300_green,proseware,green,73.58,160.0,306,printers_scanners_fax,3,computers
733,proseware_desk_jet_allinone_printer_scanner_copier_m350_green,proseware,green,72.66,158.0,306,printers_scanners_fax,3,computers
734,proseware_duplex_scanner_m200_green,proseware,green,68.52,149.0,306,printers_scanners_fax,3,computers
735,proseware_high_speed_laser_m2000_green,proseware,green,69.25,209.0,306,printers_scanners_fax,3,computers
736,proseware_laser_fax_printer_m250_green,proseware,green,54.26,118.0,306,printers_scanners_fax,3,computers
737,proseware_color_ink_jet_fax_copier_phone_m250_green,proseware,green,73.12,159.0,306,printers_scanners_fax,3,computers
738,proseware_color_ink_jet_fax_with_58_ghz_cordless_handset_x250_green,proseware,green,75.54,228.0,306,printers_scanners_fax,3,computers
739,proseware_slimdesign_fax_machine_with_answering_system_x180_green,proseware,green,78.19,236.0,306,printers_scanners_fax,3,computers
740,proseware_highperformance_businessclass_laser_fax_x200_green,proseware,green,82.17,248.0,306,printers_scanners_fax,3,computers
741,proseware_professional_quality_plainpaper_fax_and_copier_x100_green,proseware,green,75.87,229.0,306,printers_scanners_fax,3,computers
742,proseware_photo_inkjet_printer_e290_green,proseware,green,52.0,102.0,306,printers_scanners_fax,3,computers
743,contoso_rechargeable_battery_e100_black,contoso,black,6.6,12.95,308,computers_accessories,3,computers
744,contoso_dual_usb_power_adapter_power_adapter_e300_black,contoso,black,20.34,39.9,308,computers_accessories,3,computers
745,contoso_car_power_adapter_m90_black,contoso,black,9.17,19.95,308,computers_accessories,3,computers
746,contoso_notebook_peripheral_kit_m69_black,contoso,black,7.59,16.5,308,computers_accessories,3,computers
747,contoso_mouse_lock_bundle_e200_black,contoso,black,6.6,12.95,308,computers_accessories,3,computers
748,contoso_education_supplies_bundle_e200_black,contoso,black,6.88,13.5,308,computers_accessories,3,computers
749,contoso_laptop_starter_bundle_m200_black,contoso,black,7.59,16.5,308,computers_accessories,3,computers
750,contoso_education_essentials_bundle_m300_black,contoso,black,4.37,9.5,308,computers_accessories,3,computers
751,contoso_desktop_alternative_bundle_e200_black,contoso,black,5.86,11.5,308,computers_accessories,3,computers
752,contoso_power_inverter_dc_to_ac_power_inverter_e900_black,contoso,black,4.84,9.5,308,computers_accessories,3,computers
753,contoso_smart_battery_m901_black,contoso,black,5.29,11.5,308,computers_accessories,3,computers
754,contoso_laptop_cooling_hub_notebook_fan_with_4_ports_usb_hub_e80_black,contoso,black,15.24,29.9,308,computers_accessories,3,computers
755,contoso_homeoffice_laptop_power_adapter_e300_black,contoso,black,13.0,25.5,308,computers_accessories,3,computers
756,contoso_usb_20_dock_station_docking_station_m800_black,contoso,black,13.75,29.9,308,computers_accessories,3,computers
757,contoso_enhanced_capacity_battery_m800_black,contoso,black,12.83,27.9,308,computers_accessories,3,computers
758,contoso_connectivity_starter_kit_smart_buy_m680_black,contoso,black,12.83,27.9,308,computers_accessories,3,computers
759,contoso_90w_acdc_power_adapter_e300_black,contoso,black,6.07,11.9,308,computers_accessories,3,computers
760,contoso_reserve_pen_tablet_pen_e200_black,contoso,black,7.09,13.9,308,computers_accessories,3,computers
761,contoso_usb_data_linkdirect_connect_adapter_e600_black,contoso,black,8.62,16.9,308,computers_accessories,3,computers
762,contoso_primary_extended_capacity_battery_pack_notebook_battery_x100_black,contoso,black,11.23,33.9,308,computers_accessories,3,computers
763,contoso_digital_camera_accessory_kit_m200_black,contoso,black,10.99,23.9,308,computers_accessories,3,computers
764,contoso_leather_case_case_for_digital_photo_camera_x20_black,contoso,black,13.22,39.9,308,computers_accessories,3,computers
765,contoso_lens_cap_e80_black,contoso,black,15.27,29.95,308,computers_accessories,3,computers
766,contoso_battery_charger_bike_e200_black,contoso,black,10.15,19.9,308,computers_accessories,3,computers
767,contoso_usb_optical_mouse_e200_black,contoso,black,7.9,15.5,308,computers_accessories,3,computers
768,contoso_adsl_modem_splitterfilter_x_1_e100_black,contoso,black,9.13,17.9,308,computers_accessories,3,computers
769,contoso_adsl_modem_splitterfilter_x_2_e200_black,contoso,black,11.68,22.9,308,computers_accessories,3,computers
770,contoso_adsl_modem_splitterfilter_x_3_e300_black,contoso,black,26.97,52.9,308,computers_accessories,3,computers
771,contoso_usb_wave_multimedia_keyboard_e280_black,contoso,black,8.11,15.9,308,computers_accessories,3,computers
772,contoso_cables_to_go_usb_20_hard_drive_enclosure_e920_black,contoso,black,6.07,11.9,308,computers_accessories,3,computers
773,contoso_usb_wave_multimedia_keyboard_e280_blue,contoso,blue,8.11,15.9,308,computers_accessories,3,computers
774,contoso_usb_optical_mouse_e200_blue,contoso,blue,7.9,15.5,308,computers_accessories,3,computers
775,contoso_smart_battery_m901_blue,contoso,blue,5.29,11.5,308,computers_accessories,3,computers
776,contoso_digital_camera_accessory_kit_m200_blue,contoso,blue,10.99,23.9,308,computers_accessories,3,computers
777,contoso_reserve_pen_tablet_pen_e200_blue,contoso,blue,7.09,13.9,308,computers_accessories,3,computers
778,contoso_rechargeable_battery_e100_white,contoso,white,6.6,12.95,308,computers_accessories,3,computers
779,contoso_dual_usb_power_adapter_power_adapter_e300_white,contoso,white,20.34,39.9,308,computers_accessories,3,computers
780,contoso_car_power_adapter_m90_white,contoso,white,9.17,19.95,308,computers_accessories,3,computers
781,contoso_notebook_peripheral_kit_m69_white,contoso,white,7.59,16.5,308,computers_accessories,3,computers
782,contoso_mouse_lock_bundle_e200_white,contoso,white,6.6,12.95,308,computers_accessories,3,computers
783,contoso_education_supplies_bundle_e200_white,contoso,white,6.88,13.5,308,computers_accessories,3,computers
784,contoso_laptop_starter_bundle_m200_white,contoso,white,7.59,16.5,308,computers_accessories,3,computers
785,contoso_education_essentials_bundle_m300_white,contoso,white,4.37,9.5,308,computers_accessories,3,computers
786,contoso_desktop_alternative_bundle_e200_white,contoso,white,5.86,11.5,308,computers_accessories,3,computers
787,contoso_power_inverter_dc_to_ac_power_inverter_e900_white,contoso,white,4.84,9.5,308,computers_accessories,3,computers
788,contoso_smart_battery_m901_white,contoso,white,5.29,11.5,308,computers_accessories,3,computers
789,contoso_laptop_cooling_hub_notebook_fan_with_4_ports_usb_hub_e80_white,contoso,white,15.24,29.9,308,computers_accessories,3,computers
790,contoso_homeoffice_laptop_power_adapter_e300_white,contoso,white,13.0,25.5,308,computers_accessories,3,computers
791,contoso_usb_20_dock_station_docking_station_m800_white,contoso,white,13.75,29.9,308,computers_accessories,3,computers
792,contoso_enhanced_capacity_battery_m800_white,contoso,white,12.83,27.9,308,computers_accessories,3,computers
793,contoso_connectivity_starter_kit_smart_buy_m680_white,contoso,white,12.83,27.9,308,computers_accessories,3,computers
794,contoso_90w_acdc_power_adapter_e300_white,contoso,white,6.07,11.9,308,computers_accessories,3,computers
795,contoso_reserve_pen_tablet_pen_e200_white,contoso,white,7.09,13.9,308,computers_accessories,3,computers
796,contoso_usb_data_link_direct_connect_adapter_e600_white,contoso,white,8.62,16.9,308,computers_accessories,3,computers
797,contoso_primary_extended_capacity_battery_pack_notebook_battery_x100_white,contoso,white,11.23,33.9,308,computers_accessories,3,computers
798,contoso_digital_camera_accessory_kit_m200_white,contoso,white,10.99,23.9,308,computers_accessories,3,computers
799,contoso_leather_case_case_for_digital_photo_camera_x20_white,contoso,white,13.22,39.9,308,computers_accessories,3,computers
800,contoso_lens_cap_e80_white,contoso,white,15.27,29.95,308,computers_accessories,3,computers
801,contoso_battery_charger_bike_e200_white,contoso,white,10.15,19.9,308,computers_accessories,3,computers
802,contoso_usb_optical_mouse_e200_white,contoso,white,7.9,15.5,308,computers_accessories,3,computers
803,contoso_adsl_modem_splitterfilter_x_1_e100_white,contoso,white,9.13,17.9,308,computers_accessories,3,computers
804,contoso_adsl_modem_splitterfilter_x_2_e200_white,contoso,white,11.68,22.9,308,computers_accessories,3,computers
805,contoso_adsl_modem_splitterfilter_x_3_e300_white,contoso,white,26.97,52.9,308,computers_accessories,3,computers
806,contoso_usb_wave_multimedia_keyboard_e280_white,contoso,white,8.11,15.9,308,computers_accessories,3,computers
807,contoso_cables_to_go_usb_20_hard_drive_enclosure_e920_white,contoso,white,6.07,11.9,308,computers_accessories,3,computers
808,contoso_rechargeable_battery_e100_grey,contoso,grey,6.6,12.95,308,computers_accessories,3,computers
809,contoso_dual_usb_power_adapter_power_adapter_e300_grey,contoso,grey,20.34,39.9,308,computers_accessories,3,computers
810,contoso_car_power_adapter_m90_grey,contoso,grey,9.17,19.95,308,computers_accessories,3,computers
811,contoso_notebook_peripheral_kit_m69_grey,contoso,grey,7.59,16.5,308,computers_accessories,3,computers
812,contoso_mouse_lock_bundle_e200_grey,contoso,grey,6.6,12.95,308,computers_accessories,3,computers
813,contoso_education_supplies_bundle_e200_grey,contoso,grey,6.88,13.5,308,computers_accessories,3,computers
814,contoso_laptop_starter_bundle_m200_grey,contoso,grey,7.59,16.5,308,computers_accessories,3,computers
815,contoso_education_essentials_bundle_m300_grey,contoso,grey,4.37,9.5,308,computers_accessories,3,computers
816,contoso_desktop_alternative_bundle_e200_grey,contoso,grey,5.86,11.5,308,computers_accessories,3,computers
817,contoso_power_inverter_dc_to_ac_power_inverter_e900_grey,contoso,grey,4.84,9.5,308,computers_accessories,3,computers
818,contoso_smart_battery_m901_grey,contoso,grey,5.29,11.5,308,computers_accessories,3,computers
819,contoso_laptop_cooling_hub_notebook_fan_with_4_ports_usb_hub_e80_grey,contoso,grey,15.24,29.9,308,computers_accessories,3,computers
820,contoso_homeoffice_laptop_power_adapter_e300_grey,contoso,grey,13.0,25.5,308,computers_accessories,3,computers
821,contoso_usb_20_dock_station_docking_station_m800_grey,contoso,grey,13.75,29.9,308,computers_accessories,3,computers
822,contoso_enhanced_capacity_battery_m800_grey,contoso,grey,12.83,27.9,308,computers_accessories,3,computers
823,contoso_connectivity_starter_kit_smart_buy_m680_grey,contoso,grey,12.83,27.9,308,computers_accessories,3,computers
824,contoso_90w_acdc_power_adapter_e300_grey,contoso,grey,6.07,11.9,308,computers_accessories,3,computers
825,contoso_reserve_pen_tablet_pen_e200_grey,contoso,grey,7.09,13.9,308,computers_accessories,3,computers
826,contoso_usb_data_link_direct_connect_adapter_e600_grey,contoso,grey,8.62,16.9,308,computers_accessories,3,computers
827,contoso_primary_extended_capacity_battery_pack_notebook_battery_x100_grey,contoso,grey,11.23,33.9,308,computers_accessories,3,computers
828,contoso_digital_camera_accessory_kit_m200_grey,contoso,grey,10.99,23.9,308,computers_accessories,3,computers
829,contoso_leather_case_case_for_digital_photo_camera_x20_grey,contoso,grey,13.22,39.9,308,computers_accessories,3,computers
830,contoso_lens_cap_e80_grey,contoso,grey,15.27,29.95,308,computers_accessories,3,computers
831,contoso_battery_charger_bike_e200_grey,contoso,grey,10.15,19.9,308,computers_accessories,3,computers
832,contoso_usb_optical_mouse_e200_grey,contoso,grey,7.9,15.5,308,computers_accessories,3,computers
833,contoso_adsl_modem_splitterfilter_x_1_e100_grey,contoso,grey,9.13,17.9,308,computers_accessories,3,computers
834,contoso_adsl_modem_splitterfilter_x_2_e200_grey,contoso,grey,11.68,22.9,308,computers_accessories,3,computers
835,contoso_adsl_modem_splitterfilter_x_3_e300_grey,contoso,grey,26.97,52.9,308,computers_accessories,3,computers
836,contoso_usb_wave_multimedia_keyboard_e280_grey,contoso,grey,8.11,15.9,308,computers_accessories,3,computers
837,contoso_cables_to_go_usb_20_hard_drive_enclosure_e920_grey,contoso,grey,6.07,11.9,308,computers_accessories,3,computers
838,contoso_usb_optical_mouse_e200_gold,contoso,gold,7.9,15.5,308,computers_accessories,3,computers
839,contoso_usb_wave_multimedia_keyboard_m901_gold,contoso,gold,11.91,25.9,308,computers_accessories,3,computers
840,contoso_laptop_cooling_hub_notebook_fan_with_4_ports_usb_hub_m200_gold,contoso,gold,18.35,39.9,308,computers_accessories,3,computers
841,contoso_reserve_pen_tablet_pen_e200_gold,contoso,gold,7.09,13.9,308,computers_accessories,3,computers
842,contoso_bright_light_battery_e20_black,contoso,black,13.71,26.9,308,computers_accessories,3,computers
843,contoso_bright_light_battery_e20_blue,contoso,blue,13.71,26.9,308,computers_accessories,3,computers
844,contoso_bright_light_battery_e20_pink,contoso,pink,13.71,26.9,308,computers_accessories,3,computers
845,contoso_bright_light_battery_e20_white,contoso,white,13.71,26.9,308,computers_accessories,3,computers
846,contoso_ultraportable_neoprene_sleeve_e30_black,contoso,black,7.95,15.6,308,computers_accessories,3,computers
847,contoso_ultraportable_neoprene_sleeve_e30_pink,contoso,pink,7.95,15.6,308,computers_accessories,3,computers
848,contoso_ultraportable_neoprene_sleeve_e30_yellow,contoso,yellow,7.95,15.6,308,computers_accessories,3,computers
849,contoso_ultraportable_neoprene_sleeve_e30_green,contoso,green,7.95,15.6,308,computers_accessories,3,computers
850,contoso_laptop_keyboard_x105_black,contoso,black,76.5,230.9,308,computers_accessories,3,computers
851,contoso_laptop_keyboard_x105_white,contoso,white,76.5,230.9,308,computers_accessories,3,computers
852,contoso_laptop_keyboard_x105_brown,contoso,brown,76.5,230.9,308,computers_accessories,3,computers
853,contoso_laptop_keyboard_x105_silver,contoso,silver,76.5,230.9,308,computers_accessories,3,computers
854,contoso_multimedia_speakers_m25_brown,contoso,brown,59.32,129.0,308,computers_accessories,3,computers
855,contoso_multimedia_speakers_m25_blue,contoso,blue,59.32,129.0,308,computers_accessories,3,computers
856,contoso_multimedia_speakers_m25_black,contoso,black,59.32,129.0,308,computers_accessories,3,computers
857,contoso_multimedia_speakers_m25_white,contoso,white,59.32,129.0,308,computers_accessories,3,computers
858,contoso_wireless_notebook_optical_mouse_m35_black,contoso,black,13.77,29.95,308,computers_accessories,3,computers
859,contoso_wireless_notebook_optical_mouse_m35_white,contoso,white,13.77,29.95,308,computers_accessories,3,computers
860,contoso_wireless_notebook_optical_mouse_m35_blue,contoso,blue,13.77,29.95,308,computers_accessories,3,computers
861,contoso_wireless_notebook_optical_mouse_m35_silver,contoso,silver,13.77,29.95,308,computers_accessories,3,computers
862,contoso_wireless_notebook_optical_mouse_m35_orange,contoso,orange,13.77,29.95,308,computers_accessories,3,computers
863,contoso_optical_usb_mouse_m45_black,contoso,black,23.45,50.99,308,computers_accessories,3,computers
864,contoso_optical_usb_mouse_m45_white,contoso,white,23.45,50.99,308,computers_accessories,3,computers
865,contoso_optical_usb_mouse_m45_grey,contoso,grey,23.45,50.99,308,computers_accessories,3,computers
866,contoso_wireless_laser_mouse_m55_black,contoso,black,32.19,69.99,308,computers_accessories,3,computers
867,contoso_wireless_laser_mouse_m55_white,contoso,white,32.19,69.99,308,computers_accessories,3,computers
868,contoso_wireless_laser_mouse_m55_grey,contoso,grey,32.19,69.99,308,computers_accessories,3,computers
869,contoso_wireless_laser_mouse_m55_silver,contoso,silver,32.19,69.99,308,computers_accessories,3,computers
870,contoso_wireless_laser_mouse_e50_black,contoso,black,10.69,20.96,308,computers_accessories,3,computers
871,contoso_wireless_laser_mouse_e50_white,contoso,white,10.69,20.96,308,computers_accessories,3,computers
872,contoso_wireless_laser_mouse_e50_silver,contoso,silver,10.69,20.96,308,computers_accessories,3,computers
873,contoso_wireless_laser_mouse_e50_grey,contoso,grey,10.69,20.96,308,computers_accessories,3,computers
874,contoso_wireless_notebook_optical_mouse_x205_black,contoso,black,43.06,129.95,308,computers_accessories,3,computers
875,contoso_wireless_notebook_optical_mouse_x205_white,contoso,white,43.06,129.95,308,computers_accessories,3,computers
876,contoso_wireless_notebook_optical_mouse_x205_blue,contoso,blue,43.06,129.95,308,computers_accessories,3,computers
877,contoso_wireless_notebook_optical_mouse_x205_silver,contoso,silver,43.06,129.95,308,computers_accessories,3,computers
878,contoso_wireless_notebook_optical_mouse_x205_orange,contoso,orange,43.06,129.95,308,computers_accessories,3,computers
879,contoso_optical_wheel_oem_ps2_mouse_e60_grey,contoso,grey,6.63,13.0,308,computers_accessories,3,computers
880,contoso_optical_wheel_oem_ps2_mouse_e60_black,contoso,black,6.63,13.0,308,computers_accessories,3,computers
881,contoso_optical_wheel_oem_ps2_mouse_e60_white,contoso,white,6.63,13.0,308,computers_accessories,3,computers
882,contoso_optical_wheel_oem_ps2_mouse_e60_silver,contoso,silver,6.63,13.0,308,computers_accessories,3,computers
883,contoso_bluetooth_notebook_mouse_x305_black,contoso,black,49.7,150.0,308,computers_accessories,3,computers
884,contoso_bluetooth_notebook_mouse_x305_white,contoso,white,49.7,150.0,308,computers_accessories,3,computers
885,contoso_bluetooth_notebook_mouse_x305_silver,contoso,silver,49.7,150.0,308,computers_accessories,3,computers
886,contoso_bluetooth_notebook_mouse_x305_grey,contoso,grey,49.7,150.0,308,computers_accessories,3,computers
887,contoso_bluetooth_notebook_mouse_e70_black,contoso,black,25.49,50.0,308,computers_accessories,3,computers
888,contoso_bluetooth_notebook_mouse_e70_white,contoso,white,25.49,50.0,308,computers_accessories,3,computers
889,contoso_bluetooth_notebook_mouse_e70_silver,contoso,silver,25.49,50.0,308,computers_accessories,3,computers
890,contoso_bluetooth_notebook_mouse_e70_grey,contoso,grey,25.49,50.0,308,computers_accessories,3,computers
891,sv_rechargeable_bluetooth_notebook_mouse_e80_silver,southridge_video,silver,30.58,59.99,308,computers_accessories,3,computers
892,sv_rechargeable_bluetooth_notebook_mouse_e80_black,southridge_video,black,30.58,59.99,308,computers_accessories,3,computers
893,sv_rechargeable_bluetooth_notebook_mouse_e80_white,southridge_video,white,30.58,59.99,308,computers_accessories,3,computers
894,sv_rechargeable_bluetooth_notebook_mouse_e80_grey,southridge_video,grey,30.58,59.99,308,computers_accessories,3,computers
895,sv_keyboard_e90_silver,southridge_video,silver,21.28,41.73,308,computers_accessories,3,computers
896,sv_keyboard_e90_white,southridge_video,white,21.28,41.73,308,computers_accessories,3,computers
897,sv_keyboard_e90_black,southridge_video,black,21.28,41.73,308,computers_accessories,3,computers
898,sv_keyboard_e90_grey,southridge_video,grey,21.28,41.73,308,computers_accessories,3,computers
899,sv_keyboard_e10_silver,southridge_video,silver,22.43,44.0,308,computers_accessories,3,computers
900,sv_keyboard_e10_white,southridge_video,white,22.43,44.0,308,computers_accessories,3,computers
901,sv_keyboard_e10_black,southridge_video,black,22.43,44.0,308,computers_accessories,3,computers
902,sv_keyboard_e10_grey,southridge_video,grey,22.43,44.0,308,computers_accessories,3,computers
903,sv_40gb_usb20_portable_hard_disk_e400_red,southridge_video,red,38.74,75.99,308,computers_accessories,3,computers
904,sv_40gb_usb20_portable_hard_disk_e400_silver,southridge_video,silver,38.74,75.99,308,computers_accessories,3,computers
905,sv_40gb_usb20_portable_hard_disk_e400_blue,southridge_video,blue,38.74,75.99,308,computers_accessories,3,computers
906,sv_40gb_usb20_portable_hard_disk_e400_yellow,southridge_video,yellow,38.74,75.99,308,computers_accessories,3,computers
907,sv_80gb_usb20_portable_hard_disk_e500_red,southridge_video,red,52.0,102.0,308,computers_accessories,3,computers
908,sv_80gb_usb20_portable_hard_disk_e500_silver,southridge_video,silver,52.0,102.0,308,computers_accessories,3,computers
909,sv_80gb_usb20_portable_hard_disk_e500_blue,southridge_video,blue,52.0,102.0,308,computers_accessories,3,computers
910,sv_80gb_usb20_portable_hard_disk_e500_yellow,southridge_video,yellow,52.0,102.0,308,computers_accessories,3,computers
911,sv_160gb_usb20_portable_hard_disk_m65_silver,southridge_video,silver,44.1,95.9,308,computers_accessories,3,computers
912,sv_160gb_usb20_portable_hard_disk_m65_black,southridge_video,black,44.1,95.9,308,computers_accessories,3,computers
913,sv_160gb_usb20_portable_hard_disk_m65_white,southridge_video,white,44.1,95.9,308,computers_accessories,3,computers
914,sv_160gb_usb20_portable_hard_disk_m65_grey,southridge_video,grey,44.1,95.9,308,computers_accessories,3,computers
915,sv_500gb_usb_20_portable_external_hard_drive_x405_pink,southridge_video,pink,59.31,179.0,308,computers_accessories,3,computers
916,sv_500gb_usb_20_portable_external_hard_drive_x405_blue,southridge_video,blue,59.31,179.0,308,computers_accessories,3,computers
917,sv_500gb_usb_20_portable_external_hard_drive_x405_white,southridge_video,white,59.31,179.0,308,computers_accessories,3,computers
918,sv_500gb_usb_20_portable_external_hard_drive_x405_black,southridge_video,black,59.31,179.0,308,computers_accessories,3,computers
919,sv_usb_data_cable_e600_pink,southridge_video,pink,0.48,0.95,308,computers_accessories,3,computers
920,sv_usb_data_cable_e600_black,southridge_video,black,0.48,0.95,308,computers_accessories,3,computers
921,sv_usb_data_cable_e600_silver,southridge_video,silver,0.48,0.95,308,computers_accessories,3,computers
922,sv_usb_data_cable_e600_grey,southridge_video,grey,0.48,0.95,308,computers_accessories,3,computers
923,sv_usb_sync_charge_cable_e700_blue,southridge_video,blue,1.01,1.99,308,computers_accessories,3,computers
924,sv_usb_sync_charge_cable_e700_black,southridge_video,black,1.01,1.99,308,computers_accessories,3,computers
925,sv_usb_sync_charge_cable_e700_white,southridge_video,white,1.01,1.99,308,computers_accessories,3,computers
926,sv_usb_sync_charge_cable_e700_silver,southridge_video,silver,1.01,1.99,308,computers_accessories,3,computers
927,sv_512mb_laptop_memory_e800_white,southridge_video,white,17.33,33.99,308,computers_accessories,3,computers
928,sv_512mb_laptop_memory_e800_silver,southridge_video,silver,17.33,33.99,308,computers_accessories,3,computers
929,sv_512mb_laptop_memory_e800_black,southridge_video,black,17.33,33.99,308,computers_accessories,3,computers
930,sv_512mb_laptop_memory_e800_yellow,southridge_video,yellow,17.33,33.99,308,computers_accessories,3,computers
931,sv_2gb_laptop_memory_e800_silver,southridge_video,silver,28.04,55.0,308,computers_accessories,3,computers
932,sv_2gb_laptop_memory_e800_black,southridge_video,black,28.04,55.0,308,computers_accessories,3,computers
933,sv_2gb_laptop_memory_e800_white,southridge_video,white,28.04,55.0,308,computers_accessories,3,computers
934,sv_4gb_laptop_memory_m65_blue,southridge_video,blue,36.33,79.0,308,computers_accessories,3,computers
935,sv_4gb_laptop_memory_m65_yellow,southridge_video,yellow,36.33,79.0,308,computers_accessories,3,computers
936,sv_4gb_laptop_memory_m65_black,southridge_video,black,36.33,79.0,308,computers_accessories,3,computers
937,sv_4gb_laptop_memory_m65_white,southridge_video,white,36.33,79.0,308,computers_accessories,3,computers
938,sv_wireless_lan_pci_network_card_adapter_e900_black,southridge_video,black,50.47,99.0,308,computers_accessories,3,computers
939,sv_wireless_lan_pci_network_card_adapter_e901_black,southridge_video,black,50.47,99.0,308,computers_accessories,3,computers
940,sv_wireless_lan_pci_network_card_adapter_e902_black,southridge_video,black,50.47,99.0,308,computers_accessories,3,computers
941,sv_pci_network_adapter_e903_silver,southridge_video,silver,21.41,41.99,308,computers_accessories,3,computers
942,sv_pci_network_adapter_e904_silver,southridge_video,silver,21.41,41.99,308,computers_accessories,3,computers
943,sv_pci_network_adapter_e905_silver,southridge_video,silver,21.41,41.99,308,computers_accessories,3,computers
944,a_datum_compact_digital_camera_m200_black,a_datum,black,59.32,129.0,401,digital_cameras,4,cameras_and_camcorders
945,a_datum_rangefinder_digital_camera_x200_black,a_datum,black,66.26,200.0,401,digital_cameras,4,cameras_and_camcorders
946,a_datum_slim_digital_camera_m180_black,a_datum,black,68.06,148.0,401,digital_cameras,4,cameras_and_camcorders
947,a_datum_ultra_compact_digital_camera_m190_black,a_datum,black,75.88,165.0,401,digital_cameras,4,cameras_and_camcorders
948,a_datum_all_in_one_digital_camera_m200_black,a_datum,black,86.45,188.0,401,digital_cameras,4,cameras_and_camcorders
949,a_datum_interchangeable_lens_nonslr_digital_camera_x250_black,a_datum,black,88.79,268.0,401,digital_cameras,4,cameras_and_camcorders
950,a_datum_superzoom_digital_camera_x300_black,a_datum,black,96.08,290.0,401,digital_cameras,4,cameras_and_camcorders
951,a_datum_consumer_digital_camera_e100_black,a_datum,black,143.26,281.0,401,digital_cameras,4,cameras_and_camcorders
952,a_datum_consumer_digital_camera_m300_black,a_datum,black,84.84,184.5,401,digital_cameras,4,cameras_and_camcorders
953,a_datum_advanced_digital_camera_m300_black,a_datum,black,86.68,188.5,401,digital_cameras,4,cameras_and_camcorders
954,a_datum_bridge_digital_camera_m300_black,a_datum,black,85.95,186.9,401,digital_cameras,4,cameras_and_camcorders
955,a_datum_slrlike_digital_camera_m400_black,a_datum,black,90.55,196.9,401,digital_cameras,4,cameras_and_camcorders
956,a_datum_point_shoot_digital_camera_m500_black,a_datum,black,91.05,198.0,401,digital_cameras,4,cameras_and_camcorders
957,a_datum_full_frame_digital_camera_x300_black,a_datum,black,76.53,231.0,401,digital_cameras,4,cameras_and_camcorders
958,a_datum_compact_digital_camera_m200_grey,a_datum,grey,59.32,129.0,401,digital_cameras,4,cameras_and_camcorders
959,a_datum_rangefinder_digital_camera_x200_grey,a_datum,grey,66.26,200.0,401,digital_cameras,4,cameras_and_camcorders
960,a_datum_slim_digital_camera_m180_grey,a_datum,grey,68.06,148.0,401,digital_cameras,4,cameras_and_camcorders
961,a_datum_ultra_compact_digital_camera_m190_grey,a_datum,grey,75.88,165.0,401,digital_cameras,4,cameras_and_camcorders
962,a_datum_all_in_one_digital_camera_m200_grey,a_datum,grey,86.45,188.0,401,digital_cameras,4,cameras_and_camcorders
963,a_datum_interchangeable_lens_nonslr_digital_camera_x250_grey,a_datum,grey,88.79,268.0,401,digital_cameras,4,cameras_and_camcorders
964,a_datum_superzoom_digital_camera_x300_grey,a_datum,grey,96.08,290.0,401,digital_cameras,4,cameras_and_camcorders
965,a_datum_consumer_digital_camera_e100_grey,a_datum,grey,143.26,281.0,401,digital_cameras,4,cameras_and_camcorders
966,a_datum_consumer_digital_camera_m300_grey,a_datum,grey,84.84,184.5,401,digital_cameras,4,cameras_and_camcorders
967,a_datum_advanced_digital_camera_m300_grey,a_datum,grey,86.68,188.5,401,digital_cameras,4,cameras_and_camcorders
968,a_datum_bridge_digital_camera_m300_grey,a_datum,grey,85.95,186.9,401,digital_cameras,4,cameras_and_camcorders
969,a_datum_slrlike_digital_camera_m400_grey,a_datum,grey,90.55,196.9,401,digital_cameras,4,cameras_and_camcorders
970,a_datum_point_n_shoot_digital_camera_m500_grey,a_datum,grey,91.05,198.0,401,digital_cameras,4,cameras_and_camcorders
971,a_datum_full_frame_digital_camera_x300_grey,a_datum,grey,76.53,231.0,401,digital_cameras,4,cameras_and_camcorders
972,a_datum_compact_digital_camera_m200_pink,a_datum,pink,59.32,129.0,401,digital_cameras,4,cameras_and_camcorders
973,a_datum_rangefinder_digital_camera_x200_pink,a_datum,pink,66.26,200.0,401,digital_cameras,4,cameras_and_camcorders
974,a_datum_slim_digital_camera_m180_pink,a_datum,pink,68.06,148.0,401,digital_cameras,4,cameras_and_camcorders
975,a_datum_ultra_compact_digital_camera_m190_pink,a_datum,pink,75.88,165.0,401,digital_cameras,4,cameras_and_camcorders
976,a_datum_all_in_one_digital_camera_m200_pink,a_datum,pink,86.45,188.0,401,digital_cameras,4,cameras_and_camcorders
977,a_datum_interchangeable_lens_nonslr_digital_camera_x250_pink,a_datum,pink,88.79,268.0,401,digital_cameras,4,cameras_and_camcorders
978,a_datum_superzoom_digital_camera_x300_pink,a_datum,pink,96.08,290.0,401,digital_cameras,4,cameras_and_camcorders
979,a_datum_consumer_digital_camera_e100_pink,a_datum,pink,143.26,281.0,401,digital_cameras,4,cameras_and_camcorders
980,a_datum_consumer_digital_camera_m300_pink,a_datum,pink,84.84,184.5,401,digital_cameras,4,cameras_and_camcorders
981,a_datum_advanced_digital_camera_m300_pink,a_datum,pink,86.68,188.5,401,digital_cameras,4,cameras_and_camcorders
982,a_datum_bridge_digital_camera_m300_pink,a_datum,pink,85.95,186.9,401,digital_cameras,4,cameras_and_camcorders
983,a_datum_slrlike_digital_camera_m400_pink,a_datum,pink,90.55,196.9,401,digital_cameras,4,cameras_and_camcorders
984,a_datum_point_shoot_digital_camera_m500_pink,a_datum,pink,91.05,198.0,401,digital_cameras,4,cameras_and_camcorders
985,a_datum_full_frame_digital_camera_x300_pink,a_datum,pink,76.53,231.0,401,digital_cameras,4,cameras_and_camcorders
986,a_datum_compact_digital_camera_m200_silver,a_datum,silver,59.32,129.0,401,digital_cameras,4,cameras_and_camcorders
987,a_datum_rangefinder_digital_camera_x200_silver,a_datum,silver,66.26,200.0,401,digital_cameras,4,cameras_and_camcorders
988,a_datum_slim_digital_camera_m180_silver,a_datum,silver,68.06,148.0,401,digital_cameras,4,cameras_and_camcorders
989,a_datum_ultra_compact_digital_camera_m190_silver,a_datum,silver,75.88,165.0,401,digital_cameras,4,cameras_and_camcorders
990,a_datum_all_in_one_digital_camera_m200_silver,a_datum,silver,86.45,188.0,401,digital_cameras,4,cameras_and_camcorders
991,a_datum_interchangeable_lens_nonslr_digital_camera_x250_silver,a_datum,silver,88.79,268.0,401,digital_cameras,4,cameras_and_camcorders
992,a_datum_superzoom_digital_camera_x300_silver,a_datum,silver,96.08,290.0,401,digital_cameras,4,cameras_and_camcorders
993,a_datum_consumer_digital_camera_e100_silver,a_datum,silver,143.26,281.0,401,digital_cameras,4,cameras_and_camcorders
994,a_datum_consumer_digital_camera_m300_silver,a_datum,silver,84.84,184.5,401,digital_cameras,4,cameras_and_camcorders
995,a_datum_advanced_digital_camera_m300_silver,a_datum,silver,86.68,188.5,401,digital_cameras,4,cameras_and_camcorders
996,a_datum_bridge_digital_camera_m300_silver,a_datum,silver,85.95,186.9,401,digital_cameras,4,cameras_and_camcorders
997,a_datum_slrlike_digital_camera_m400_silver,a_datum,silver,90.55,196.9,401,digital_cameras,4,cameras_and_camcorders
998,a_datum_point_shoot_digital_camera_m500_silver,a_datum,silver,91.05,198.0,401,digital_cameras,4,cameras_and_camcorders
999,a_datum_full_frame_digital_camera_x300_silver,a_datum,silver,76.53,231.0,401,digital_cameras,4,cameras_and_camcorders
1000,a_datum_compact_digital_camera_m200_orange,a_datum,orange,59.32,129.0,401,digital_cameras,4,cameras_and_camcorders
1001,a_datum_rangefinder_digital_camera_x200_orange,a_datum,orange,66.26,200.0,401,digital_cameras,4,cameras_and_camcorders
1002,a_datum_slim_digital_camera_m180_orange,a_datum,orange,68.06,148.0,401,digital_cameras,4,cameras_and_camcorders
1003,a_datum_ultra_compact_digital_camera_m190_orange,a_datum,orange,75.88,165.0,401,digital_cameras,4,cameras_and_camcorders
1004,a_datum_all_in_one_digital_camera_m200_orange,a_datum,orange,86.45,188.0,401,digital_cameras,4,cameras_and_camcorders
1005,a_datum_interchangeable_lens_nonslr_digital_camera_x250_orange,a_datum,orange,88.79,268.0,401,digital_cameras,4,cameras_and_camcorders
1006,a_datum_superzoom_digital_camera_x300_orange,a_datum,orange,96.08,290.0,401,digital_cameras,4,cameras_and_camcorders
1007,a_datum_consumer_digital_camera_e100_orange,a_datum,orange,143.26,281.0,401,digital_cameras,4,cameras_and_camcorders
1008,a_datum_consumer_digital_camera_m300_orange,a_datum,orange,84.84,184.5,401,digital_cameras,4,cameras_and_camcorders
1009,a_datum_advanced_digital_camera_m300_orange,a_datum,orange,86.68,188.5,401,digital_cameras,4,cameras_and_camcorders
1010,a_datum_bridge_digital_camera_m300_orange,a_datum,orange,85.95,186.9,401,digital_cameras,4,cameras_and_camcorders
1011,a_datum_slrlike_digital_camera_m400_orange,a_datum,orange,90.55,196.9,401,digital_cameras,4,cameras_and_camcorders
1012,a_datum_point_shoot_digital_camera_m500_orange,a_datum,orange,91.05,198.0,401,digital_cameras,4,cameras_and_camcorders
1013,a_datum_full_frame_digital_camera_x300_orange,a_datum,orange,76.53,231.0,401,digital_cameras,4,cameras_and_camcorders
1014,a_datum_compact_digital_camera_m200_green,a_datum,green,59.32,129.0,401,digital_cameras,4,cameras_and_camcorders
1015,a_datum_rangefinder_digital_camera_x200_green,a_datum,green,66.26,200.0,401,digital_cameras,4,cameras_and_camcorders
1016,a_datum_slim_digital_camera_m180_green,a_datum,green,68.06,148.0,401,digital_cameras,4,cameras_and_camcorders
1017,a_datum_ultra_compact_digital_camera_m190_green,a_datum,green,75.88,165.0,401,digital_cameras,4,cameras_and_camcorders
1018,a_datum_all_in_one_digital_camera_m200_green,a_datum,green,86.45,188.0,401,digital_cameras,4,cameras_and_camcorders
1019,a_datum_interchangeable_lens_nonslr_digital_camera_x250_green,a_datum,green,88.79,268.0,401,digital_cameras,4,cameras_and_camcorders
1020,a_datum_superzoom_digital_camera_x300_green,a_datum,green,96.08,290.0,401,digital_cameras,4,cameras_and_camcorders
1021,a_datum_consumer_digital_camera_e100_green,a_datum,green,143.26,281.0,401,digital_cameras,4,cameras_and_camcorders
1022,a_datum_consumer_digital_camera_m300_green,a_datum,green,84.84,184.5,401,digital_cameras,4,cameras_and_camcorders
1023,a_datum_advanced_digital_camera_m300_green,a_datum,green,86.68,188.5,401,digital_cameras,4,cameras_and_camcorders
1024,a_datum_bridge_digital_camera_m300_green,a_datum,green,85.95,186.9,401,digital_cameras,4,cameras_and_camcorders
1025,a_datum_slrlike_digital_camera_m400_green,a_datum,green,90.55,196.9,401,digital_cameras,4,cameras_and_camcorders
1026,a_datum_point_shoot_digital_camera_m500_green,a_datum,green,91.05,198.0,401,digital_cameras,4,cameras_and_camcorders
1027,a_datum_full_frame_digital_camera_x300_green,a_datum,green,76.53,231.0,401,digital_cameras,4,cameras_and_camcorders
1028,a_datum_compact_digital_camera_m200_azure,a_datum,azure,59.32,129.0,401,digital_cameras,4,cameras_and_camcorders
1029,a_datum_rangefinder_digital_camera_x200_azure,a_datum,azure,66.26,200.0,401,digital_cameras,4,cameras_and_camcorders
1030,a_datum_slim_digital_camera_m180_azure,a_datum,azure,68.06,148.0,401,digital_cameras,4,cameras_and_camcorders
1031,a_datum_ultra_compact_digital_camera_m190_azure,a_datum,azure,75.88,165.0,401,digital_cameras,4,cameras_and_camcorders
1032,a_datum_all_in_one_digital_camera_m200_azure,a_datum,azure,86.45,188.0,401,digital_cameras,4,cameras_and_camcorders
1033,a_datum_interchangeable_lens_nonslr_digital_camera_x250_azure,a_datum,azure,88.79,268.0,401,digital_cameras,4,cameras_and_camcorders
1034,a_datum_superzoom_digital_camera_x300_azure,a_datum,azure,96.08,290.0,401,digital_cameras,4,cameras_and_camcorders
1035,a_datum_consumer_digital_camera_e100_azure,a_datum,azure,143.26,281.0,401,digital_cameras,4,cameras_and_camcorders
1036,a_datum_consumer_digital_camera_m300_azure,a_datum,azure,84.84,184.5,401,digital_cameras,4,cameras_and_camcorders
1037,a_datum_advanced_digital_camera_m300_azure,a_datum,azure,86.68,188.5,401,digital_cameras,4,cameras_and_camcorders
1038,a_datum_bridge_digital_camera_m300_azure,a_datum,azure,85.95,186.9,401,digital_cameras,4,cameras_and_camcorders
1039,a_datum_slrlike_digital_camera_m400_azure,a_datum,azure,90.55,196.9,401,digital_cameras,4,cameras_and_camcorders
1040,a_datum_point_n_shoot_digital_camera_m500_azure,a_datum,azure,91.05,198.0,401,digital_cameras,4,cameras_and_camcorders
1041,a_datum_full_frame_digital_camera_x300_azure,a_datum,azure,76.53,231.0,401,digital_cameras,4,cameras_and_camcorders
1042,a_datum_point_shoot_digital_camera_m500_silver_grey,a_datum,silver_grey,91.05,198.0,401,digital_cameras,4,cameras_and_camcorders
1043,a_datum_full_frame_digital_camera_x300_silver_grey,a_datum,silver_grey,76.53,231.0,401,digital_cameras,4,cameras_and_camcorders
1044,a_datum_slr_camera_x135_black,a_datum,black,207.74,627.0,402,digital_slr_cameras,4,cameras_and_camcorders
1045,a_datum_slr_camera_35_x358_black,a_datum,black,194.82,588.0,402,digital_slr_cameras,4,cameras_and_camcorders
1046,a_datum_slr_camera_m135_black,a_datum,black,143.48,312.0,402,digital_slr_cameras,4,cameras_and_camcorders
1047,a_datum_slr_camera_35_m358_black,a_datum,black,155.43,338.0,402,digital_slr_cameras,4,cameras_and_camcorders
1048,a_datum_slr_camera_x136_silver,a_datum,silver,141.47,427.0,402,digital_slr_cameras,4,cameras_and_camcorders
1049,a_datum_slr_camera_35_x358_silver,a_datum,silver,194.82,588.0,402,digital_slr_cameras,4,cameras_and_camcorders
1050,a_datum_slr_camera_m136_silver,a_datum,silver,143.48,312.0,402,digital_slr_cameras,4,cameras_and_camcorders
1051,a_datum_slr_camera_35_m358_silver,a_datum,silver,155.43,338.0,402,digital_slr_cameras,4,cameras_and_camcorders
1052,a_datum_slr_camera_x137_grey,a_datum,grey,207.74,627.0,402,digital_slr_cameras,4,cameras_and_camcorders
1053,a_datum_slr_camera_35_x358_grey,a_datum,grey,194.82,588.0,402,digital_slr_cameras,4,cameras_and_camcorders
1054,a_datum_slr_camera_m137_grey,a_datum,grey,143.48,312.0,402,digital_slr_cameras,4,cameras_and_camcorders
1055,a_datum_slr_camera_35_m358_grey,a_datum,grey,155.43,338.0,402,digital_slr_cameras,4,cameras_and_camcorders
1056,a_datum_slr_camera_x138_silver_grey,a_datum,silver_grey,207.74,627.0,402,digital_slr_cameras,4,cameras_and_camcorders
1057,a_datum_slr_camera_35_x358_silver_grey,a_datum,silver_grey,194.82,588.0,402,digital_slr_cameras,4,cameras_and_camcorders
1058,a_datum_slr_camera_m138_silver_grey,a_datum,silver_grey,143.48,312.0,402,digital_slr_cameras,4,cameras_and_camcorders
1059,a_datum_slr_camera_35_m358_silver_grey,a_datum,silver_grey,155.43,338.0,402,digital_slr_cameras,4,cameras_and_camcorders
1060,a_datum_slr_camera_x139_gold,a_datum,gold,207.74,627.0,402,digital_slr_cameras,4,cameras_and_camcorders
1061,a_datum_slr_camera_35_x358_gold,a_datum,gold,194.82,588.0,402,digital_slr_cameras,4,cameras_and_camcorders
1062,a_datum_slr_camera_m139_gold,a_datum,gold,143.48,312.0,402,digital_slr_cameras,4,cameras_and_camcorders
1063,a_datum_slr_camera_35_m358_gold,a_datum,gold,155.43,338.0,402,digital_slr_cameras,4,cameras_and_camcorders
1064,a_datum_slr_camera_x140_pink,a_datum,pink,207.74,627.0,402,digital_slr_cameras,4,cameras_and_camcorders
1065,a_datum_slr_camera_35_x358_pink,a_datum,pink,194.82,588.0,402,digital_slr_cameras,4,cameras_and_camcorders
1066,a_datum_slr_camera_m140_pink,a_datum,pink,143.48,312.0,402,digital_slr_cameras,4,cameras_and_camcorders
1067,a_datum_slr_camera_35_m358_pink,a_datum,pink,155.43,338.0,402,digital_slr_cameras,4,cameras_and_camcorders
1068,a_datum_slr_camera_x141_blue,a_datum,blue,141.47,427.0,402,digital_slr_cameras,4,cameras_and_camcorders
1069,a_datum_slr_camera_35_x358_blue,a_datum,blue,194.82,588.0,402,digital_slr_cameras,4,cameras_and_camcorders
1070,a_datum_slr_camera_m141_blue,a_datum,blue,143.48,312.0,402,digital_slr_cameras,4,cameras_and_camcorders
1071,a_datum_slr_camera_35_m358_blue,a_datum,blue,155.43,338.0,402,digital_slr_cameras,4,cameras_and_camcorders
1072,a_datum_slr_camera_x142_orange,a_datum,orange,141.47,427.0,402,digital_slr_cameras,4,cameras_and_camcorders
1073,a_datum_slr_camera_35_x358_orange,a_datum,orange,194.82,588.0,402,digital_slr_cameras,4,cameras_and_camcorders
1074,a_datum_slr_camera_m142_orange,a_datum,orange,143.48,312.0,402,digital_slr_cameras,4,cameras_and_camcorders
1075,a_datum_slr_camera_35_m358_orange,a_datum,orange,155.43,338.0,402,digital_slr_cameras,4,cameras_and_camcorders
1076,contoso_slr_camera_x142_black,contoso,black,211.05,637.0,402,digital_slr_cameras,4,cameras_and_camcorders
1077,contoso_slr_camera_35_x358_black,contoso,black,188.19,568.0,402,digital_slr_cameras,4,cameras_and_camcorders
1078,contoso_slr_camera_m142_black,contoso,black,144.4,314.0,402,digital_slr_cameras,4,cameras_and_camcorders
1079,contoso_slr_camera_35_m358_black,contoso,black,164.63,358.0,402,digital_slr_cameras,4,cameras_and_camcorders
1080,contoso_slr_camera_x143_silver,contoso,silver,214.03,646.0,402,digital_slr_cameras,4,cameras_and_camcorders
1081,contoso_slr_camera_35_x358_silver,contoso,silver,188.19,568.0,402,digital_slr_cameras,4,cameras_and_camcorders
1082,contoso_slr_camera_m143_silver,contoso,silver,139.8,304.0,402,digital_slr_cameras,4,cameras_and_camcorders
1083,contoso_slr_camera_35_m358_silver,contoso,silver,164.63,358.0,402,digital_slr_cameras,4,cameras_and_camcorders
1084,contoso_slr_camera_x143_grey,contoso,grey,214.03,646.0,402,digital_slr_cameras,4,cameras_and_camcorders
1085,contoso_slr_camera_35_x358_grey,contoso,grey,188.19,568.0,402,digital_slr_cameras,4,cameras_and_camcorders
1086,contoso_slr_camera_m143_grey,contoso,grey,139.8,304.0,402,digital_slr_cameras,4,cameras_and_camcorders
1087,contoso_slr_camera_35_m358_grey,contoso,grey,164.63,358.0,402,digital_slr_cameras,4,cameras_and_camcorders
1088,contoso_slr_camera_x144_silver_grey,contoso,silver_grey,222.98,673.0,402,digital_slr_cameras,4,cameras_and_camcorders
1089,contoso_slr_camera_35_x358_silver_grey,contoso,silver_grey,188.19,568.0,402,digital_slr_cameras,4,cameras_and_camcorders
1090,contoso_slr_camera_m144_silver_grey,contoso,silver_grey,152.68,332.0,402,digital_slr_cameras,4,cameras_and_camcorders
1091,contoso_slr_camera_35_m358_silver_grey,contoso,silver_grey,164.63,358.0,402,digital_slr_cameras,4,cameras_and_camcorders
1092,contoso_slr_camera_x144_gold,contoso,gold,222.98,673.0,402,digital_slr_cameras,4,cameras_and_camcorders
1093,contoso_slr_camera_35_x358_gold,contoso,gold,188.19,568.0,402,digital_slr_cameras,4,cameras_and_camcorders
1094,contoso_slr_camera_m144_gold,contoso,gold,152.68,332.0,402,digital_slr_cameras,4,cameras_and_camcorders
1095,contoso_slr_camera_35_m358_gold,contoso,gold,164.63,358.0,402,digital_slr_cameras,4,cameras_and_camcorders
1096,contoso_slr_camera_x145_pink,contoso,pink,209.39,632.0,402,digital_slr_cameras,4,cameras_and_camcorders
1097,contoso_slr_camera_35_x358_pink,contoso,pink,188.19,568.0,402,digital_slr_cameras,4,cameras_and_camcorders
1098,contoso_slr_camera_m145_pink,contoso,pink,157.73,343.0,402,digital_slr_cameras,4,cameras_and_camcorders
1099,contoso_slr_camera_35_m358_pink,contoso,pink,164.63,358.0,402,digital_slr_cameras,4,cameras_and_camcorders
1100,contoso_slr_camera_x145_blue,contoso,blue,209.39,632.0,402,digital_slr_cameras,4,cameras_and_camcorders
1101,contoso_slr_camera_35_x358_blue,contoso,blue,188.19,568.0,402,digital_slr_cameras,4,cameras_and_camcorders
1102,contoso_slr_camera_m145_blue,contoso,blue,157.73,343.0,402,digital_slr_cameras,4,cameras_and_camcorders
1103,contoso_slr_camera_35_m358_blue,contoso,blue,164.63,358.0,402,digital_slr_cameras,4,cameras_and_camcorders
1104,contoso_slr_camera_x146_orange,contoso,orange,141.47,427.0,402,digital_slr_cameras,4,cameras_and_camcorders
1105,contoso_slr_camera_35_x358_orange,contoso,orange,188.19,568.0,402,digital_slr_cameras,4,cameras_and_camcorders
1106,contoso_slr_camera_m146_orange,contoso,orange,148.08,322.0,402,digital_slr_cameras,4,cameras_and_camcorders
1107,contoso_slr_camera_35_m358_orange,contoso,orange,164.63,358.0,402,digital_slr_cameras,4,cameras_and_camcorders
1108,fabrikam_slr_camera_x146_black,fabrikam,black,208.4,629.0,402,digital_slr_cameras,4,cameras_and_camcorders
1109,fabrikam_slr_camera_35_x358_black,fabrikam,black,144.52,436.2,402,digital_slr_cameras,4,cameras_and_camcorders
1110,fabrikam_slr_camera_m146_black,fabrikam,black,138.88,302.0,402,digital_slr_cameras,4,cameras_and_camcorders
1111,fabrikam_slr_camera_35_m358_black,fabrikam,black,150.84,328.0,402,digital_slr_cameras,4,cameras_and_camcorders
1112,fabrikam_slr_camera_x147_silver,fabrikam,silver,213.7,645.0,402,digital_slr_cameras,4,cameras_and_camcorders
1113,fabrikam_slr_camera_35_x358_silver,fabrikam,silver,144.52,436.2,402,digital_slr_cameras,4,cameras_and_camcorders
1114,fabrikam_slr_camera_m147_silver,fabrikam,silver,153.59,334.0,402,digital_slr_cameras,4,cameras_and_camcorders
1115,fabrikam_slr_camera_35_m358_silver,fabrikam,silver,150.84,328.0,402,digital_slr_cameras,4,cameras_and_camcorders
1116,fabrikam_slr_camera_x147_grey,fabrikam,grey,213.7,645.0,402,digital_slr_cameras,4,cameras_and_camcorders
1117,fabrikam_slr_camera_35_x358_grey,fabrikam,grey,144.52,436.2,402,digital_slr_cameras,4,cameras_and_camcorders
1118,fabrikam_slr_camera_m147_grey,fabrikam,grey,153.59,334.0,402,digital_slr_cameras,4,cameras_and_camcorders
1119,fabrikam_slr_camera_35_m358_grey,fabrikam,grey,150.84,328.0,402,digital_slr_cameras,4,cameras_and_camcorders
1120,fabrikam_slr_camera_x148_silver_grey,fabrikam,silver_grey,217.68,657.0,402,digital_slr_cameras,4,cameras_and_camcorders
1121,fabrikam_slr_camera_35_x358_silver_grey,fabrikam,silver_grey,144.52,436.2,402,digital_slr_cameras,4,cameras_and_camcorders
1122,fabrikam_slr_camera_m148_silver_grey,fabrikam,silver_grey,152.68,332.0,402,digital_slr_cameras,4,cameras_and_camcorders
1123,fabrikam_slr_camera_35_m358_silver_grey,fabrikam,silver_grey,150.84,328.0,402,digital_slr_cameras,4,cameras_and_camcorders
1124,fabrikam_slr_camera_x148_gold,fabrikam,gold,217.68,657.0,402,digital_slr_cameras,4,cameras_and_camcorders
1125,fabrikam_slr_camera_35_x358_gold,fabrikam,gold,144.52,436.2,402,digital_slr_cameras,4,cameras_and_camcorders
1126,fabrikam_slr_camera_m148_gold,fabrikam,gold,152.68,332.0,402,digital_slr_cameras,4,cameras_and_camcorders
1127,fabrikam_slr_camera_35_m358_gold,fabrikam,gold,150.84,328.0,402,digital_slr_cameras,4,cameras_and_camcorders
1128,fabrikam_slr_camera_x149_pink,fabrikam,pink,207.74,627.0,402,digital_slr_cameras,4,cameras_and_camcorders
1129,fabrikam_slr_camera_35_x358_pink,fabrikam,pink,144.52,436.2,402,digital_slr_cameras,4,cameras_and_camcorders
1130,fabrikam_slr_camera_m149_pink,fabrikam,pink,146.7,319.0,402,digital_slr_cameras,4,cameras_and_camcorders
1131,fabrikam_slr_camera_35_m358_pink,fabrikam,pink,150.84,328.0,402,digital_slr_cameras,4,cameras_and_camcorders
1132,fabrikam_slr_camera_x149_blue,fabrikam,blue,207.74,627.0,402,digital_slr_cameras,4,cameras_and_camcorders
1133,fabrikam_slr_camera_35_x358_blue,fabrikam,blue,144.52,436.2,402,digital_slr_cameras,4,cameras_and_camcorders
1134,fabrikam_slr_camera_m149_blue,fabrikam,blue,146.7,319.0,402,digital_slr_cameras,4,cameras_and_camcorders
1135,fabrikam_slr_camera_35_m358_blue,fabrikam,blue,150.84,328.0,402,digital_slr_cameras,4,cameras_and_camcorders
1136,fabrikam_slr_camera_x150_orange,fabrikam,orange,159.2,480.5,402,digital_slr_cameras,4,cameras_and_camcorders
1137,fabrikam_slr_camera_35_x358_orange,fabrikam,orange,144.52,436.2,402,digital_slr_cameras,4,cameras_and_camcorders
1138,fabrikam_slr_camera_m150_orange,fabrikam,orange,180.22,391.9,402,digital_slr_cameras,4,cameras_and_camcorders
1139,fabrikam_slr_camera_35_m358_orange,fabrikam,orange,150.84,328.0,402,digital_slr_cameras,4,cameras_and_camcorders
1140,fabrikam_slr_camera_x150_green,fabrikam,green,159.2,480.5,402,digital_slr_cameras,4,cameras_and_camcorders
1141,fabrikam_slr_camera_35_x358_green,fabrikam,green,144.52,436.2,402,digital_slr_cameras,4,cameras_and_camcorders
1142,fabrikam_slr_camera_m150_green,fabrikam,green,180.22,391.9,402,digital_slr_cameras,4,cameras_and_camcorders
1143,fabrikam_slr_camera_35_m358_green,fabrikam,green,150.84,328.0,402,digital_slr_cameras,4,cameras_and_camcorders
1144,fabrikam_home_and_vacation_moviemaker_1_25mm_m400_blue,fabrikam,blue,275.92,600.0,405,camcorders,4,cameras_and_camcorders
1145,fabrikam_home_and_vacation_moviemaker_12_3mm_m300_orange,fabrikam,orange,260.28,566.0,405,camcorders,4,cameras_and_camcorders
1146,fabrikam_home_and_vacation_moviemaker_13_85mm_m200_blue,fabrikam,blue,291.09,633.0,405,camcorders,4,cameras_and_camcorders
1147,fabrikam_home_and_vacation_moviemaker_23_17mm_m103_black,fabrikam,black,301.21,655.0,405,camcorders,4,cameras_and_camcorders
1148,fabrikam_budget_moviemaker_1_25mm_e400_black,fabrikam,black,215.15,422.0,405,camcorders,4,cameras_and_camcorders
1149,fabrikam_budget_moviemaker_12_3mm_e300_black,fabrikam,black,220.25,432.0,405,camcorders,4,cameras_and_camcorders
1150,fabrikam_budget_moviemaker_13_85mm_e200_black,fabrikam,black,209.54,411.0,405,camcorders,4,cameras_and_camcorders
1151,fabrikam_budget_moviemaker_23_17mm_e100_black,fabrikam,black,209.03,410.0,405,camcorders,4,cameras_and_camcorders
1152,fabrikam_trendsetter_1_25mm_x400_blue,fabrikam,blue,331.32,1000.0,405,camcorders,4,cameras_and_camcorders
1153,fabrikam_trendsetter_12_3mm_x300_black,fabrikam,black,330.99,999.0,405,camcorders,4,cameras_and_camcorders
1154,fabrikam_trendsetter_13_85mm_x200_blue,fabrikam,blue,330.66,998.0,405,camcorders,4,cameras_and_camcorders
1155,fabrikam_trendsetter_23_17mm_x100_black,fabrikam,black,324.69,980.0,405,camcorders,4,cameras_and_camcorders
1156,fabrikam_independent_filmmaker_1_25mm_x400_black,fabrikam,black,530.11,1600.0,405,camcorders,4,cameras_and_camcorders
1157,fabrikam_independent_filmmaker_12_3mm_x300_orange,fabrikam,orange,523.49,1580.0,405,camcorders,4,cameras_and_camcorders
1158,fabrikam_independent_filmmaker_13_85mm_x200_black,fabrikam,black,516.86,1560.0,405,camcorders,4,cameras_and_camcorders
1159,fabrikam_independent_filmmaker_23_17mm_x100_blue,fabrikam,blue,503.61,1520.0,405,camcorders,4,cameras_and_camcorders
1160,fabrikam_business_videographer_1_25mm_m600_blue,fabrikam,blue,409.28,890.0,405,camcorders,4,cameras_and_camcorders
1161,fabrikam_business_videographer_12_3mm_m500_black,fabrikam,black,404.68,880.0,405,camcorders,4,cameras_and_camcorders
1162,fabrikam_business_videographer_13_85mm_m380_black,fabrikam,black,395.48,860.0,405,camcorders,4,cameras_and_camcorders
1163,fabrikam_business_videographer_23_17mm_m280_black,fabrikam,black,390.88,850.0,405,camcorders,4,cameras_and_camcorders
1164,fabrikam_social_videographer_1_25mm_e400_black,fabrikam,black,91.77,180.0,405,camcorders,4,cameras_and_camcorders
1165,fabrikam_social_videographer_12_3mm_e300_black,fabrikam,black,86.67,170.0,405,camcorders,4,cameras_and_camcorders
1166,fabrikam_social_videographer_13_85mm_e200_black,fabrikam,black,84.12,165.0,405,camcorders,4,cameras_and_camcorders
1167,fabrikam_social_videographer_23_17mm_e100_black,fabrikam,black,81.57,160.0,405,camcorders,4,cameras_and_camcorders
1168,fabrikam_home_and_vacation_moviemaker_1_25mm_m400_white,fabrikam,white,275.92,600.0,405,camcorders,4,cameras_and_camcorders
1169,fabrikam_home_and_vacation_moviemaker_12_3mm_m300_white,fabrikam,white,260.28,566.0,405,camcorders,4,cameras_and_camcorders
1170,fabrikam_home_and_vacation_moviemaker_13_85mm_m200_white,fabrikam,white,291.09,633.0,405,camcorders,4,cameras_and_camcorders
1171,fabrikam_home_and_vacation_moviemaker_23_17mm_m103_white,fabrikam,white,301.21,655.0,405,camcorders,4,cameras_and_camcorders
1172,fabrikam_budget_moviemaker_1_25mm_e400_white,fabrikam,white,215.15,422.0,405,camcorders,4,cameras_and_camcorders
1173,fabrikam_budget_moviemaker_12_3mm_e300_white,fabrikam,white,220.25,432.0,405,camcorders,4,cameras_and_camcorders
1174,fabrikam_budget_moviemaker_13_85mm_e200_white,fabrikam,white,209.54,411.0,405,camcorders,4,cameras_and_camcorders
1175,fabrikam_budget_moviemaker_23_17mm_e100_white,fabrikam,white,209.03,410.0,405,camcorders,4,cameras_and_camcorders
1176,fabrikam_trendsetter_1_25mm_x400_white,fabrikam,white,331.32,1000.0,405,camcorders,4,cameras_and_camcorders
1177,fabrikam_trendsetter_12_3mm_x300_white,fabrikam,white,330.99,999.0,405,camcorders,4,cameras_and_camcorders
1178,fabrikam_trendsetter_13_85mm_x200_white,fabrikam,white,330.66,998.0,405,camcorders,4,cameras_and_camcorders
1179,fabrikam_trendsetter_23_17mm_x100_white,fabrikam,white,324.69,980.0,405,camcorders,4,cameras_and_camcorders
1180,fabrikam_independent_filmmaker_1_25mm_x400_white,fabrikam,white,530.11,1600.0,405,camcorders,4,cameras_and_camcorders
1181,fabrikam_independent_filmmaker_12_3mm_x300_white,fabrikam,white,523.49,1580.0,405,camcorders,4,cameras_and_camcorders
1182,fabrikam_independent_filmmaker_13_85mm_x200_white,fabrikam,white,516.86,1560.0,405,camcorders,4,cameras_and_camcorders
1183,fabrikam_independent_filmmaker_23_17mm_x100_white,fabrikam,white,503.61,1520.0,405,camcorders,4,cameras_and_camcorders
1184,fabrikam_business_videographer_1_25mm_m600_white,fabrikam,white,409.28,890.0,405,camcorders,4,cameras_and_camcorders
1185,fabrikam_business_videographer_12_3mm_m500_orange,fabrikam,orange,404.68,880.0,405,camcorders,4,cameras_and_camcorders
1186,fabrikam_business_videographer_13_85mm_m380_orange,fabrikam,orange,395.48,860.0,405,camcorders,4,cameras_and_camcorders
1187,fabrikam_business_videographer_23_17mm_m280_orange,fabrikam,orange,390.88,850.0,405,camcorders,4,cameras_and_camcorders
1188,fabrikam_social_videographer_1_25mm_e400_orange,fabrikam,orange,91.77,180.0,405,camcorders,4,cameras_and_camcorders
1189,fabrikam_social_videographer_12_3mm_e300_orange,fabrikam,orange,86.67,170.0,405,camcorders,4,cameras_and_camcorders
1190,fabrikam_social_videographer_13_85mm_e200_orange,fabrikam,orange,84.12,165.0,405,camcorders,4,cameras_and_camcorders
1191,fabrikam_social_videographer_23_17mm_e100_orange,fabrikam,orange,81.57,160.0,405,camcorders,4,cameras_and_camcorders
1192,fabrikam_home_and_vacation_moviemaker_1_25mm_m400_grey,fabrikam,grey,275.92,600.0,405,camcorders,4,cameras_and_camcorders
1193,fabrikam_home_and_vacation_moviemaker_12_3mm_m300_grey,fabrikam,grey,260.28,566.0,405,camcorders,4,cameras_and_camcorders
1194,fabrikam_home_and_vacation_moviemaker_13_85mm_m200_grey,fabrikam,grey,291.09,633.0,405,camcorders,4,cameras_and_camcorders
1195,fabrikam_home_and_vacation_moviemaker_23_17mm_m103_grey,fabrikam,grey,301.21,655.0,405,camcorders,4,cameras_and_camcorders
1196,fabrikam_budget_moviemaker_1_25mm_e400_grey,fabrikam,grey,215.15,422.0,405,camcorders,4,cameras_and_camcorders
1197,fabrikam_budget_moviemaker_12_3mm_e300_grey,fabrikam,grey,220.25,432.0,405,camcorders,4,cameras_and_camcorders
1198,fabrikam_budget_moviemaker_13_85mm_e200_grey,fabrikam,grey,209.54,411.0,405,camcorders,4,cameras_and_camcorders
1199,fabrikam_budget_moviemaker_23_17mm_e100_grey,fabrikam,grey,209.03,410.0,405,camcorders,4,cameras_and_camcorders
1200,fabrikam_trendsetter_1_25mm_x400_grey,fabrikam,grey,331.32,1000.0,405,camcorders,4,cameras_and_camcorders
1201,fabrikam_trendsetter_12_3mm_x300_grey,fabrikam,grey,330.99,999.0,405,camcorders,4,cameras_and_camcorders
1202,fabrikam_trendsetter_13_85mm_x200_grey,fabrikam,grey,330.66,998.0,405,camcorders,4,cameras_and_camcorders
1203,fabrikam_trendsetter_23_17mm_x100_grey,fabrikam,grey,324.69,980.0,405,camcorders,4,cameras_and_camcorders
1204,fabrikam_independent_filmmaker_1_25mm_x400_grey,fabrikam,grey,530.11,1600.0,405,camcorders,4,cameras_and_camcorders
1205,fabrikam_independent_filmmaker_12_3mm_x300_grey,fabrikam,grey,523.49,1580.0,405,camcorders,4,cameras_and_camcorders
1206,fabrikam_independent_filmmaker_13_85mm_x200_grey,fabrikam,grey,516.86,1560.0,405,camcorders,4,cameras_and_camcorders
1207,fabrikam_independent_filmmaker_23_17mm_x100_grey,fabrikam,grey,503.61,1520.0,405,camcorders,4,cameras_and_camcorders
1208,fabrikam_business_videographer_1_25mm_m600_grey,fabrikam,grey,409.28,890.0,405,camcorders,4,cameras_and_camcorders
1209,fabrikam_business_videographer_12_3mm_m500_grey,fabrikam,grey,404.68,880.0,405,camcorders,4,cameras_and_camcorders
1210,fabrikam_business_videographer_13_85mm_m380_grey,fabrikam,grey,395.48,860.0,405,camcorders,4,cameras_and_camcorders
1211,fabrikam_business_videographer_23_17mm_m280_grey,fabrikam,grey,390.88,850.0,405,camcorders,4,cameras_and_camcorders
1212,fabrikam_social_videographer_1_25mm_e400_grey,fabrikam,grey,91.77,180.0,405,camcorders,4,cameras_and_camcorders
1213,fabrikam_social_videographer_12_3mm_e300_grey,fabrikam,grey,86.67,170.0,405,camcorders,4,cameras_and_camcorders
1214,fabrikam_social_videographer_13_85mm_e200_grey,fabrikam,grey,84.12,165.0,405,camcorders,4,cameras_and_camcorders
1215,fabrikam_social_videographer_23_17mm_e100_grey,fabrikam,grey,81.57,160.0,405,camcorders,4,cameras_and_camcorders
1216,fabrikam_home_and_vacation_moviemaker_1_25mm_m400_black,fabrikam,black,285.12,620.0,405,camcorders,4,cameras_and_camcorders
1217,fabrikam_home_and_vacation_moviemaker_12_3mm_m300_black,fabrikam,black,255.68,556.0,405,camcorders,4,cameras_and_camcorders
1218,fabrikam_home_and_vacation_moviemaker_13_85mm_m200_black,fabrikam,black,293.39,638.0,405,camcorders,4,cameras_and_camcorders
1219,fabrikam_home_and_vacation_moviemaker_23_17mm_m103_blue,fabrikam,blue,305.81,665.0,405,camcorders,4,cameras_and_camcorders
1220,fabrikam_budget_moviemaker_1_25mm_e400_black,fabrikam,black,230.44,452.0,405,camcorders,4,cameras_and_camcorders
1221,fabrikam_budget_moviemaker_12_3mm_e300_black,fabrikam,black,245.74,482.0,405,camcorders,4,cameras_and_camcorders
1222,fabrikam_budget_moviemaker_13_85mm_e200_black,fabrikam,black,219.74,431.0,405,camcorders,4,cameras_and_camcorders
1223,fabrikam_budget_moviemaker_23_17mm_e100_black,fabrikam,black,234.52,460.0,405,camcorders,4,cameras_and_camcorders
1224,fabrikam_trendsetter_1_25mm_x400_black,fabrikam,black,341.26,1030.0,405,camcorders,4,cameras_and_camcorders
1225,fabrikam_trendsetter_12_3mm_x300_orange,fabrikam,orange,331.32,1000.0,405,camcorders,4,cameras_and_camcorders
1226,fabrikam_trendsetter_13_85mm_x200_black,fabrikam,black,330.99,999.0,405,camcorders,4,cameras_and_camcorders
1227,fabrikam_trendsetter_23_17mm_x100_orange,fabrikam,orange,327.34,988.0,405,camcorders,4,cameras_and_camcorders
1228,fabrikam_independent_filmmaker_1_25mm_x400_blue,fabrikam,blue,536.74,1620.0,405,camcorders,4,cameras_and_camcorders
1229,fabrikam_independent_filmmaker_12_3mm_x300_black,fabrikam,black,516.86,1560.0,405,camcorders,4,cameras_and_camcorders
1230,fabrikam_independent_filmmaker_13_85mm_x200_blue,fabrikam,blue,506.92,1530.0,405,camcorders,4,cameras_and_camcorders
1231,fabrikam_independent_filmmaker_23_17mm_x100_black,fabrikam,black,496.98,1500.0,405,camcorders,4,cameras_and_camcorders
1232,fabrikam_business_videographer_1_25mm_m600_black,fabrikam,black,408.36,888.0,405,camcorders,4,cameras_and_camcorders
1233,fabrikam_business_videographer_12_3mm_m500_blue,fabrikam,blue,403.76,878.0,405,camcorders,4,cameras_and_camcorders
1234,fabrikam_business_videographer_13_85mm_m380_blue,fabrikam,blue,393.64,856.0,405,camcorders,4,cameras_and_camcorders
1235,fabrikam_business_videographer_23_17mm_m280_blue,fabrikam,blue,385.37,838.0,405,camcorders,4,cameras_and_camcorders
1236,fabrikam_social_videographer_1_25mm_e400_blue,fabrikam,blue,95.85,188.0,405,camcorders,4,cameras_and_camcorders
1237,fabrikam_social_videographer_12_3mm_e300_blue,fabrikam,blue,90.75,178.0,405,camcorders,4,cameras_and_camcorders
1238,fabrikam_social_videographer_13_85mm_e200_blue,fabrikam,blue,85.65,168.0,405,camcorders,4,cameras_and_camcorders
1239,fabrikam_social_videographer_23_17mm_e100_blue,fabrikam,blue,80.55,158.0,405,camcorders,4,cameras_and_camcorders
1240,fabrikam_business_videographer_12_3mm_m500_white,fabrikam,white,403.76,878.0,405,camcorders,4,cameras_and_camcorders
1241,fabrikam_business_videographer_13_85mm_m380_white,fabrikam,white,393.64,856.0,405,camcorders,4,cameras_and_camcorders
1242,fabrikam_business_videographer_23_17mm_m280_white,fabrikam,white,385.37,838.0,405,camcorders,4,cameras_and_camcorders
1243,fabrikam_social_videographer_1_25mm_e400_white,fabrikam,white,95.85,188.0,405,camcorders,4,cameras_and_camcorders
1244,fabrikam_social_videographer_12_3mm_e300_white,fabrikam,white,90.75,178.0,405,camcorders,4,cameras_and_camcorders
1245,fabrikam_social_videographer_13_85mm_e200_white,fabrikam,white,85.65,168.0,405,camcorders,4,cameras_and_camcorders
1246,fabrikam_social_videographer_23_17mm_e100_white,fabrikam,white,80.55,158.0,405,camcorders,4,cameras_and_camcorders
1247,contoso_rechargeable_liion_battery_pack_e300_silver,contoso,silver,25.49,49.99,406,cameras_camcorders_accessories,4,cameras_and_camcorders
1248,contoso_rechargeable_liion_battery_pack_e300_black,contoso,black,25.49,49.99,406,cameras_camcorders_accessories,4,cameras_and_camcorders
1249,contoso_rechargeable_liion_battery_pack_e300_white,contoso,white,25.49,49.99,406,cameras_camcorders_accessories,4,cameras_and_camcorders
1250,contoso_travel_charger_for_sseries_battery_e302_silver,contoso,silver,30.58,59.99,406,cameras_camcorders_accessories,4,cameras_and_camcorders
1251,contoso_travel_charger_for_sseries_battery_e302_black,contoso,black,30.58,59.99,406,cameras_camcorders_accessories,4,cameras_and_camcorders
1252,contoso_travel_charger_for_sseries_battery_e302_white,contoso,white,30.58,59.99,406,cameras_camcorders_accessories,4,cameras_and_camcorders
1253,contoso_general_carrying_case_e304_silver,contoso,silver,10.19,19.99,406,cameras_camcorders_accessories,4,cameras_and_camcorders
1254,contoso_general_carrying_case_e304_black,contoso,black,10.19,19.99,406,cameras_camcorders_accessories,4,cameras_and_camcorders
1255,contoso_general_carrying_case_e304_white,contoso,white,10.19,19.99,406,cameras_camcorders_accessories,4,cameras_and_camcorders
1256,contoso_general_carrying_case_e304_blue,contoso,blue,10.19,19.99,406,cameras_camcorders_accessories,4,cameras_and_camcorders
1257,contoso_cyber_shot_digital_cameras_adapter_e306_pink,contoso,pink,20.39,39.99,406,cameras_camcorders_accessories,4,cameras_and_camcorders
1258,contoso_cyber_shot_digital_cameras_adapter_e306_blue,contoso,blue,20.39,39.99,406,cameras_camcorders_accessories,4,cameras_and_camcorders
1259,contoso_cyber_shot_digital_cameras_adapter_e306_black,contoso,black,20.39,39.99,406,cameras_camcorders_accessories,4,cameras_and_camcorders
1260,contoso_multiuse_terminal_cable_e308_silver,contoso,silver,18.86,36.99,406,cameras_camcorders_accessories,4,cameras_and_camcorders
1261,contoso_multiuse_terminal_cable_e308_white,contoso,white,18.86,36.99,406,cameras_camcorders_accessories,4,cameras_and_camcorders
1262,contoso_multiuse_terminal_cable_e308_black,contoso,black,18.86,36.99,406,cameras_camcorders_accessories,4,cameras_and_camcorders
1263,contoso_rechargeable_battery_pack_e310_silver,contoso,silver,35.68,69.99,406,cameras_camcorders_accessories,4,cameras_and_camcorders
1264,contoso_rechargeable_battery_pack_e310_black,contoso,black,35.68,69.99,406,cameras_camcorders_accessories,4,cameras_and_camcorders
1265,contoso_rechargeable_battery_pack_e310_white,contoso,white,35.68,69.99,406,cameras_camcorders_accessories,4,cameras_and_camcorders
1266,contoso_carrying_case_e312_silver,contoso,silver,25.47,49.96,406,cameras_camcorders_accessories,4,cameras_and_camcorders
1267,contoso_carrying_case_e312_pink,contoso,pink,25.47,49.96,406,cameras_camcorders_accessories,4,cameras_and_camcorders
1268,contoso_carrying_case_e312_white,contoso,white,25.47,49.96,406,cameras_camcorders_accessories,4,cameras_and_camcorders
1269,contoso_carrying_case_e312_blue,contoso,blue,25.47,49.96,406,cameras_camcorders_accessories,4,cameras_and_camcorders
1270,contoso_lens_cap_keeper_e314_pink,contoso,pink,3.54,6.95,406,cameras_camcorders_accessories,4,cameras_and_camcorders
1271,contoso_lens_cap_keeper_e314_yellow,contoso,yellow,3.54,6.95,406,cameras_camcorders_accessories,4,cameras_and_camcorders
1272,contoso_lens_cap_keeper_e314_white,contoso,white,3.54,6.95,406,cameras_camcorders_accessories,4,cameras_and_camcorders
1273,contoso_lens_cap_keeper_e314_silver,contoso,silver,3.54,6.95,406,cameras_camcorders_accessories,4,cameras_and_camcorders
1274,contoso_digital_cameras_lightweight_tripod_e316_white,contoso,white,26.58,52.13,406,cameras_camcorders_accessories,4,cameras_and_camcorders
1275,contoso_digital_cameras_lightweight_tripod_e316_black,contoso,black,26.58,52.13,406,cameras_camcorders_accessories,4,cameras_and_camcorders
1276,contoso_digital_cameras_lightweight_tripod_e316_pink,contoso,pink,26.58,52.13,406,cameras_camcorders_accessories,4,cameras_and_camcorders
1277,contoso_digital_cameras_lightweight_tripod_e316_silver,contoso,silver,26.58,52.13,406,cameras_camcorders_accessories,4,cameras_and_camcorders
1278,contoso_general_soft_carrying_case_e318_blue,contoso,blue,7.64,14.99,406,cameras_camcorders_accessories,4,cameras_and_camcorders
1279,contoso_general_soft_carrying_case_e318_black,contoso,black,7.64,14.99,406,cameras_camcorders_accessories,4,cameras_and_camcorders
1280,contoso_general_soft_carrying_case_e318_silver,contoso,silver,7.64,14.99,406,cameras_camcorders_accessories,4,cameras_and_camcorders
1281,contoso_general_soft_carrying_case_e318_white,contoso,white,7.64,14.99,406,cameras_camcorders_accessories,4,cameras_and_camcorders
1282,contoso_mini_battery_charger_kit_e320_red,contoso,red,12.74,24.99,406,cameras_camcorders_accessories,4,cameras_and_camcorders
1283,contoso_mini_battery_charger_kit_e320_white,contoso,white,12.74,24.99,406,cameras_camcorders_accessories,4,cameras_and_camcorders
1284,contoso_mini_battery_charger_kit_e320_black,contoso,black,12.74,24.99,406,cameras_camcorders_accessories,4,cameras_and_camcorders
1285,contoso_mini_battery_charger_kit_e320_silver,contoso,silver,12.74,24.99,406,cameras_camcorders_accessories,4,cameras_and_camcorders
1286,contoso_genuine_leather_grip_belt_e322_black,contoso,black,39.76,77.99,406,cameras_camcorders_accessories,4,cameras_and_camcorders
1287,contoso_genuine_leather_grip_belt_e322_white,contoso,white,39.76,77.99,406,cameras_camcorders_accessories,4,cameras_and_camcorders
1288,contoso_genuine_leather_grip_belt_e322_silver,contoso,silver,39.76,77.99,406,cameras_camcorders_accessories,4,cameras_and_camcorders
1289,contoso_genuine_leather_grip_belt_e322_grey,contoso,grey,39.76,77.99,406,cameras_camcorders_accessories,4,cameras_and_camcorders
1290,contoso_macro_zoom_lens_x300_silver,contoso,silver,121.45,366.55,406,cameras_camcorders_accessories,4,cameras_and_camcorders
1291,contoso_macro_zoom_lens_x300_white,contoso,white,121.45,366.55,406,cameras_camcorders_accessories,4,cameras_and_camcorders
1292,contoso_macro_zoom_lens_x300_black,contoso,black,121.45,366.55,406,cameras_camcorders_accessories,4,cameras_and_camcorders
1293,contoso_telephoto_conversion_lens_x400_silver,contoso,silver,197.14,595.0,406,cameras_camcorders_accessories,4,cameras_and_camcorders
1294,contoso_telephoto_conversion_lens_x400_white,contoso,white,197.14,595.0,406,cameras_camcorders_accessories,4,cameras_and_camcorders
1295,contoso_telephoto_conversion_lens_x400_black,contoso,black,197.14,595.0,406,cameras_camcorders_accessories,4,cameras_and_camcorders
1296,contoso_usb_cable_m250_black,contoso,black,11.5,25.0,406,cameras_camcorders_accessories,4,cameras_and_camcorders
1297,contoso_usb_cable_m250_white,contoso,white,11.5,25.0,406,cameras_camcorders_accessories,4,cameras_and_camcorders
1298,contoso_usb_cable_m250_yellow,contoso,yellow,11.5,25.0,406,cameras_camcorders_accessories,4,cameras_and_camcorders
1299,contoso_usb_cable_m250_blue,contoso,blue,11.5,25.0,406,cameras_camcorders_accessories,4,cameras_and_camcorders
1300,contoso_telephoto_conversion_lens_m350_black,contoso,black,43.69,95.0,406,cameras_camcorders_accessories,4,cameras_and_camcorders
1301,contoso_telephoto_conversion_lens_m350_white,contoso,white,43.69,95.0,406,cameras_camcorders_accessories,4,cameras_and_camcorders
1302,contoso_telephoto_conversion_lens_m350_silver,contoso,silver,43.69,95.0,406,cameras_camcorders_accessories,4,cameras_and_camcorders
1303,contoso_telephoto_conversion_lens_m350_blue,contoso,blue,43.69,95.0,406,cameras_camcorders_accessories,4,cameras_and_camcorders
1304,contoso_lens_adapter_m450_white,contoso,white,31.27,68.0,406,cameras_camcorders_accessories,4,cameras_and_camcorders
1305,contoso_lens_adapter_m450_silver,contoso,silver,31.27,68.0,406,cameras_camcorders_accessories,4,cameras_and_camcorders
1306,contoso_lens_adapter_m450_black,contoso,black,31.27,68.0,406,cameras_camcorders_accessories,4,cameras_and_camcorders
1307,contoso_lens_adapter_m450_grey,contoso,grey,31.27,68.0,406,cameras_camcorders_accessories,4,cameras_and_camcorders
1308,contoso_digital_cameracamcorder_usb_cable_e324_purple,contoso,purple,14.28,28.0,406,cameras_camcorders_accessories,4,cameras_and_camcorders
1309,contoso_digital_cameracamcorder_usb_cable_e324_black,contoso,black,14.28,28.0,406,cameras_camcorders_accessories,4,cameras_and_camcorders
1310,contoso_digital_cameracamcorder_usb_cable_e324_silver,contoso,silver,14.28,28.0,406,cameras_camcorders_accessories,4,cameras_and_camcorders
1311,contoso_digital_cameracamcorder_usb_cable_e324_white,contoso,white,14.28,28.0,406,cameras_camcorders_accessories,4,cameras_and_camcorders
1312,contoso_conversion_lens_m550_blue,contoso,blue,94.27,205.0,406,cameras_camcorders_accessories,4,cameras_and_camcorders
1313,contoso_conversion_lens_m550_black,contoso,black,94.27,205.0,406,cameras_camcorders_accessories,4,cameras_and_camcorders
1314,contoso_conversion_lens_m550_silver,contoso,silver,94.27,205.0,406,cameras_camcorders_accessories,4,cameras_and_camcorders
1315,contoso_conversion_lens_m550_pink,contoso,pink,94.27,205.0,406,cameras_camcorders_accessories,4,cameras_and_camcorders
1316,contoso_singleline_phones_e10_black,contoso,black,5.09,9.99,501,home_office_phones,5,cell_phones
1317,contoso_dual_handset_cordless_phone_system_e20_black,contoso,black,6.62,12.99,501,home_office_phones,5,cell_phones
1318,contoso_3_handset_cordless_phone_system_e30_black,contoso,black,8.66,16.99,501,home_office_phones,5,cell_phones
1319,contoso_multiline_phones_m30_black,contoso,black,10.57,22.99,501,home_office_phones,5,cell_phones
1320,contoso_ksuless_key_system_m38_black,contoso,black,12.41,26.99,501,home_office_phones,5,cell_phones
1321,contoso_hybrid_system_m60_black,contoso,black,13.33,28.99,501,home_office_phones,5,cell_phones
1322,contoso_private_branch_exchange_m88_black,contoso,black,15.17,32.99,501,home_office_phones,5,cell_phones
1323,contoso_4_handset_cordless_phone_system_m86_black,contoso,black,16.55,35.99,501,home_office_phones,5,cell_phones
1324,contoso_private_automatic_branch_exchange_m65_black,contoso,black,17.93,38.99,501,home_office_phones,5,cell_phones
1325,contoso_electronic_private_automatic_branch_exchange_m90_black,contoso,black,18.39,39.99,501,home_office_phones,5,cell_phones
1326,contoso_centrex_phone_system_l10_black,contoso,black,14.24,42.99,501,home_office_phones,5,cell_phones
1327,contoso_in_front_of_centrex_l15_black,contoso,black,15.57,46.99,501,home_office_phones,5,cell_phones
1328,contoso_behind_centrex_x15_black,contoso,black,16.56,49.99,501,home_office_phones,5,cell_phones
1329,contoso_phone_with_13number_memory_210_m301_black,contoso,black,7.81,16.99,501,home_office_phones,5,cell_phones
1330,contoso_expandable_cordless_phone_system_m008_black,contoso,black,10.57,22.99,501,home_office_phones,5,cell_phones
1331,contoso_phone_system_accessory_handset_with_charger_m308_black,contoso,black,12.41,26.99,501,home_office_phones,5,cell_phones
1332,contoso_2line_corded_cordless_telephone_m202_black,contoso,black,13.33,28.99,501,home_office_phones,5,cell_phones
1333,contoso_4line_corded_cordless_telephone_m203_black,contoso,black,15.17,32.99,501,home_office_phones,5,cell_phones
1334,contoso_expandable_3handset_cordless_phone_system_m204_black,contoso,black,16.55,35.99,501,home_office_phones,5,cell_phones
1335,contoso_expandable_2handset_cordless_phone_system_m205_black,contoso,black,18.48,40.19,501,home_office_phones,5,cell_phones
1336,contoso_expandable_4handset_cordless_phone_system_m206_black,contoso,black,20.15,43.81,501,home_office_phones,5,cell_phones
1337,contoso_expandable1handset_cordless_phone_system_m207_black,contoso,black,21.82,47.44,501,home_office_phones,5,cell_phones
1338,contoso_digital_cordless_expansion_handset_phone_m900_black,contoso,black,15.17,32.99,501,home_office_phones,5,cell_phones
1339,contoso_2line_speakerphone_m109_black,contoso,black,16.55,35.99,501,home_office_phones,5,cell_phones
1340,contoso_phone_with_memory_dialingsingle_line_e88_black,contoso,black,7.23,14.19,501,home_office_phones,5,cell_phones
1341,contoso_phone_with_memory_dialing2_lines_e90_black,contoso,black,8.16,16.0,501,home_office_phones,5,cell_phones
1342,contoso_integrated_business_phone_with_card_l10_black,contoso,black,13.92,42.0,501,home_office_phones,5,cell_phones
1343,contoso_integrated_business_phone_l08_black,contoso,black,10.27,31.0,501,home_office_phones,5,cell_phones
1344,contoso_phone_for_msn_e200_black,contoso,black,8.16,16.0,501,home_office_phones,5,cell_phones
1345,contoso_4line_expandable_cordless_phone_system_m900_black,contoso,black,10.12,22.0,501,home_office_phones,5,cell_phones
1346,contoso_lifestyles_series_big_button_cordless_phone_m800_black,contoso,black,10.58,23.0,501,home_office_phones,5,cell_phones
1347,contoso_bedroom_phone_with_amfm_stereo_and_call_waiting_caller_id_m600_black,contoso,black,9.66,21.0,501,home_office_phones,5,cell_phones
1348,contoso_waterproof_accessory_handset_and_charging_cradle_m609_black,contoso,black,10.57,22.99,501,home_office_phones,5,cell_phones
1349,contoso_singleline_phones_e10_white,contoso,white,5.09,9.99,501,home_office_phones,5,cell_phones
1350,contoso_dual_handset_cordless_phone_system_e20_white,contoso,white,6.62,12.99,501,home_office_phones,5,cell_phones
1351,contoso_3_handset_cordless_phone_system_e30_white,contoso,white,8.66,16.99,501,home_office_phones,5,cell_phones
1352,contoso_multiline_phones_m30_white,contoso,white,10.57,22.99,501,home_office_phones,5,cell_phones
1353,contoso_ksuless_key_system_m38_white,contoso,white,12.41,26.99,501,home_office_phones,5,cell_phones
1354,contoso_hybrid_system_m60_white,contoso,white,13.33,28.99,501,home_office_phones,5,cell_phones
1355,contoso_private_branch_exchange_m88_white,contoso,white,15.17,32.99,501,home_office_phones,5,cell_phones
1356,contoso_4_handset_cordless_phone_system_m86_white,contoso,white,16.55,35.99,501,home_office_phones,5,cell_phones
1357,contoso_private_automatic_branch_exchange_m65_white,contoso,white,17.93,38.99,501,home_office_phones,5,cell_phones
1358,contoso_electronic_private_automatic_branch_exchange_m90_white,contoso,white,18.39,39.99,501,home_office_phones,5,cell_phones
1359,contoso_centrex_phone_system_l10_white,contoso,white,14.24,42.99,501,home_office_phones,5,cell_phones
1360,contoso_in_front_of_centrex_l15_white,contoso,white,15.57,46.99,501,home_office_phones,5,cell_phones
1361,contoso_behind_centrex_x15_white,contoso,white,16.56,49.99,501,home_office_phones,5,cell_phones
1362,contoso_phone_with_13number_memory_210_m301_white,contoso,white,7.81,16.99,501,home_office_phones,5,cell_phones
1363,contoso_expandable_cordless_phone_system_m008_white,contoso,white,10.57,22.99,501,home_office_phones,5,cell_phones
1364,contoso_phone_system_accessory_handset_with_charger_m308_white,contoso,white,12.41,26.99,501,home_office_phones,5,cell_phones
1365,contoso_2line_corded_cordless_telephone_m202_white,contoso,white,13.33,28.99,501,home_office_phones,5,cell_phones
1366,contoso_4line_corded_cordless_telephone_m203_white,contoso,white,15.17,32.99,501,home_office_phones,5,cell_phones
1367,contoso_expandable_3handset_cordless_phone_system_m204_white,contoso,white,16.55,35.99,501,home_office_phones,5,cell_phones
1368,contoso_expandable_2handset_cordless_phone_system_m205_white,contoso,white,18.48,40.19,501,home_office_phones,5,cell_phones
1369,contoso_expandable_4handset_cordless_phone_system_m206_white,contoso,white,20.15,43.81,501,home_office_phones,5,cell_phones
1370,contoso_expandable1handset_cordless_phone_system_m207_white,contoso,white,21.82,47.44,501,home_office_phones,5,cell_phones
1371,contoso_digital_cordless_expansion_handset_phone_m900_white,contoso,white,15.17,32.99,501,home_office_phones,5,cell_phones
1372,contoso_2line_speakerphone_m109_white,contoso,white,16.55,35.99,501,home_office_phones,5,cell_phones
1373,contoso_phone_with_memory_dialingsingle_line_e88_white,contoso,white,7.23,14.19,501,home_office_phones,5,cell_phones
1374,contoso_phone_with_memory_dialing2_lines_e90_white,contoso,white,8.16,16.0,501,home_office_phones,5,cell_phones
1375,contoso_integrated_business_phone_with_card_l10_white,contoso,white,13.92,42.0,501,home_office_phones,5,cell_phones
1376,contoso_integrated_business_phone_l08_white,contoso,white,10.27,31.0,501,home_office_phones,5,cell_phones
1377,contoso_phone_for_msn_e200_white,contoso,white,8.16,16.0,501,home_office_phones,5,cell_phones
1378,contoso_4line_expandable_cordless_phone_system_m900_white,contoso,white,10.12,22.0,501,home_office_phones,5,cell_phones
1379,contoso_lifestyles_series_big_button_cordless_phone_m800_white,contoso,white,10.58,23.0,501,home_office_phones,5,cell_phones
1380,contoso_bedroom_phone_with_amfm_stereo_and_call_waiting_caller_id_m600_white,contoso,white,9.66,21.0,501,home_office_phones,5,cell_phones
1381,contoso_waterproof_accessory_handset_and_charging_cradle_m609_white,contoso,white,10.57,22.99,501,home_office_phones,5,cell_phones
1382,contoso_singleline_phones_e10_grey,contoso,grey,5.09,9.99,501,home_office_phones,5,cell_phones
1383,contoso_dual_handset_cordless_phone_system_e20_grey,contoso,grey,6.62,12.99,501,home_office_phones,5,cell_phones
1384,contoso_3_handset_cordless_phone_system_e30_grey,contoso,grey,8.66,16.99,501,home_office_phones,5,cell_phones
1385,contoso_multiline_phones_m30_grey,contoso,grey,10.57,22.99,501,home_office_phones,5,cell_phones
1386,contoso_ksuless_key_system_m38_grey,contoso,grey,12.41,26.99,501,home_office_phones,5,cell_phones
1387,contoso_hybrid_system_m60_grey,contoso,grey,13.33,28.99,501,home_office_phones,5,cell_phones
1388,contoso_private_branch_exchange_m88_grey,contoso,grey,15.17,32.99,501,home_office_phones,5,cell_phones
1389,contoso_4_handset_cordless_phone_system_m86_grey,contoso,grey,16.55,35.99,501,home_office_phones,5,cell_phones
1390,contoso_private_automatic_branch_exchange_m65_grey,contoso,grey,17.93,38.99,501,home_office_phones,5,cell_phones
1391,contoso_electronic_private_automatic_branch_exchange_m90_grey,contoso,grey,18.39,39.99,501,home_office_phones,5,cell_phones
1392,contoso_centrex_phone_system_l10_grey,contoso,grey,14.24,42.99,501,home_office_phones,5,cell_phones
1393,contoso_in_front_of_centrex_l15_grey,contoso,grey,15.57,46.99,501,home_office_phones,5,cell_phones
1394,contoso_behind_centrex_x15_grey,contoso,grey,16.56,49.99,501,home_office_phones,5,cell_phones
1395,contoso_phone_with_13number_memory_210_m301_grey,contoso,grey,7.81,16.99,501,home_office_phones,5,cell_phones
1396,contoso_expandable_cordless_phone_system_m008_grey,contoso,grey,10.57,22.99,501,home_office_phones,5,cell_phones
1397,contoso_phone_system_accessory_handset_with_charger_m308_grey,contoso,grey,12.41,26.99,501,home_office_phones,5,cell_phones
1398,contoso_2line_corded_cordless_telephone_m202_grey,contoso,grey,13.33,28.99,501,home_office_phones,5,cell_phones
1399,contoso_4line_corded_cordless_telephone_m203_grey,contoso,grey,15.17,32.99,501,home_office_phones,5,cell_phones
1400,contoso_expandable_3handset_cordless_phone_system_m204_grey,contoso,grey,16.55,35.99,501,home_office_phones,5,cell_phones
1401,contoso_expandable_2handset_cordless_phone_system_m205_grey,contoso,grey,18.48,40.19,501,home_office_phones,5,cell_phones
1402,contoso_expandable_4handset_cordless_phone_system_m206_grey,contoso,grey,20.15,43.81,501,home_office_phones,5,cell_phones
1403,contoso_expandable1handset_cordless_phone_system_m207_grey,contoso,grey,21.82,47.44,501,home_office_phones,5,cell_phones
1404,contoso_digital_cordless_expansion_handset_phone_m900_grey,contoso,grey,15.17,32.99,501,home_office_phones,5,cell_phones
1405,contoso_2line_speakerphone_m109_grey,contoso,grey,16.55,35.99,501,home_office_phones,5,cell_phones
1406,contoso_phone_with_memory_dialingsingle_line_e88_grey,contoso,grey,7.23,14.19,501,home_office_phones,5,cell_phones
1407,contoso_phone_with_memory_dialing2_lines_e90_grey,contoso,grey,8.16,16.0,501,home_office_phones,5,cell_phones
1408,the_phone_company_touch_screen_phone_1600_tft22_l200_black,the_phone_company,black,175.27,529.0,503,touch_screen_phones,5,cell_phones
1409,the_phone_company_touch_screen_phone_1600_tft14_l250_black,the_phone_company,black,195.15,589.0,503,touch_screen_phones,5,cell_phones
1410,the_phone_company_touch_screen_phones_2622_m200_black,the_phone_company,black,105.77,230.0,503,touch_screen_phones,5,cell_phones
1411,the_phone_company_touch_screen_phones_2614_m250_black,the_phone_company,black,123.24,268.0,503,touch_screen_phones,5,cell_phones
1412,the_phone_company_touch_screen_phones_4wireonwall_m302_black,the_phone_company,black,132.9,289.0,503,touch_screen_phones,5,cell_phones
1413,the_phone_company_touch_screen_phones_sawbuiltin_m801_black,the_phone_company,black,137.5,299.0,503,touch_screen_phones,5,cell_phones
1414,the_phone_company_touch_screen_phones_5wirebuiltin_m500_black,the_phone_company,black,117.73,256.0,503,touch_screen_phones,5,cell_phones
1415,the_phone_company_touch_screen_phones_infrared_m901_black,the_phone_company,black,137.96,300.0,503,touch_screen_phones,5,cell_phones
1416,the_phone_company_touch_screen_phones_capacitive_m908_black,the_phone_company,black,141.64,308.0,503,touch_screen_phones,5,cell_phones
1417,the_phone_company_touch_screen_phones_4wire_builtin_m205_black,the_phone_company,black,123.24,268.0,503,touch_screen_phones,5,cell_phones
1418,the_phone_company_touch_screen_phones_sawonwall_m806_black,the_phone_company,black,134.74,293.0,503,touch_screen_phones,5,cell_phones
1419,the_phone_company_touch_screen_phones_5wireonwall_m508_black,the_phone_company,black,118.65,258.0,503,touch_screen_phones,5,cell_phones
1420,the_phone_company_finger_touch_screen_phones_m30_black,the_phone_company,black,91.51,199.0,503,touch_screen_phones,5,cell_phones
1421,the_phone_company_pen_touch_screen_phones26_m320_black,the_phone_company,black,133.36,290.0,503,touch_screen_phones,5,cell_phones
1422,the_phone_company_sharp_touch_screen_phones_m910_black,the_phone_company,black,138.42,301.0,503,touch_screen_phones,5,cell_phones
1423,the_phone_company_touch_screen_phones_crt_m11_black,the_phone_company,black,86.91,189.0,503,touch_screen_phones,5,cell_phones
1424,the_phone_company_touch_screen_phones_lcd_m12_black,the_phone_company,black,91.97,200.0,503,touch_screen_phones,5,cell_phones
1425,the_phone_company_touch_screen_phone_1600_tft22_l200_grey,the_phone_company,grey,175.27,529.0,503,touch_screen_phones,5,cell_phones
1426,the_phone_company_touch_screen_phone_1600_tft14_l250_grey,the_phone_company,grey,195.15,589.0,503,touch_screen_phones,5,cell_phones
1427,the_phone_company_touch_screen_phones_2622_m200_grey,the_phone_company,grey,105.77,230.0,503,touch_screen_phones,5,cell_phones
1428,the_phone_company_touch_screen_phones_2614_m250_grey,the_phone_company,grey,123.24,268.0,503,touch_screen_phones,5,cell_phones
1429,the_phone_company_touch_screen_phones_4wireonwall_m302_grey,the_phone_company,grey,132.9,289.0,503,touch_screen_phones,5,cell_phones
1430,the_phone_company_touch_screen_phones_sawbuiltin_m801_grey,the_phone_company,grey,137.5,299.0,503,touch_screen_phones,5,cell_phones
1431,the_phone_company_touch_screen_phones_5wirebuiltin_m500_grey,the_phone_company,grey,117.73,256.0,503,touch_screen_phones,5,cell_phones
1432,the_phone_company_touch_screen_phones_infrared_m901_grey,the_phone_company,grey,137.96,300.0,503,touch_screen_phones,5,cell_phones
1433,the_phone_company_touch_screen_phones_capacitive_m908_grey,the_phone_company,grey,141.64,308.0,503,touch_screen_phones,5,cell_phones
1434,the_phone_company_touch_screen_phones_4wire_builtin_m205_grey,the_phone_company,grey,123.24,268.0,503,touch_screen_phones,5,cell_phones
1435,the_phone_company_touch_screen_phones_sawonwall_m806_grey,the_phone_company,grey,134.74,293.0,503,touch_screen_phones,5,cell_phones
1436,the_phone_company_touch_screen_phones_5wireonwall_m508_grey,the_phone_company,grey,118.65,258.0,503,touch_screen_phones,5,cell_phones
1437,the_phone_company_finger_touch_screen_phones_m30_grey,the_phone_company,grey,91.51,199.0,503,touch_screen_phones,5,cell_phones
1438,the_phone_company_pen_touch_screen_phones_m320_grey,the_phone_company,grey,133.36,290.0,503,touch_screen_phones,5,cell_phones
1439,the_phone_company_sharp_touch_screen_phones_m910_grey,the_phone_company,grey,138.42,301.0,503,touch_screen_phones,5,cell_phones
1440,the_phone_company_touch_screen_phones_crt_m11_grey,the_phone_company,grey,86.91,189.0,503,touch_screen_phones,5,cell_phones
1441,the_phone_company_touch_screen_phones_lcd_m12_grey,the_phone_company,grey,91.97,200.0,503,touch_screen_phones,5,cell_phones
1442,the_phone_company_touch_screen_phone_1600_tft22_l200_gold,the_phone_company,gold,175.27,529.0,503,touch_screen_phones,5,cell_phones
1443,the_phone_company_touch_screen_phone_1600_tft14_l250_gold,the_phone_company,gold,195.15,589.0,503,touch_screen_phones,5,cell_phones
1444,the_phone_company_touch_screen_phones_2622_m200_gold,the_phone_company,gold,105.77,230.0,503,touch_screen_phones,5,cell_phones
1445,the_phone_company_touch_screen_phones_2614_m250_gold,the_phone_company,gold,123.24,268.0,503,touch_screen_phones,5,cell_phones
1446,the_phone_company_touch_screen_phones_4wireonwall_m302_gold,the_phone_company,gold,132.9,289.0,503,touch_screen_phones,5,cell_phones
1447,the_phone_company_touch_screen_phones_sawbuiltin_m801_gold,the_phone_company,gold,137.5,299.0,503,touch_screen_phones,5,cell_phones
1448,the_phone_company_touch_screen_phones_5wirebuiltin_m500_gold,the_phone_company,gold,117.73,256.0,503,touch_screen_phones,5,cell_phones
1449,the_phone_company_touch_screen_phones_infrared_m901_gold,the_phone_company,gold,137.96,300.0,503,touch_screen_phones,5,cell_phones
1450,the_phone_company_touch_screen_phones_capacitive_m908_gold,the_phone_company,gold,141.64,308.0,503,touch_screen_phones,5,cell_phones
1451,the_phone_company_touch_screen_phones_4wire_builtin_m205_gold,the_phone_company,gold,123.24,268.0,503,touch_screen_phones,5,cell_phones
1452,the_phone_company_touch_screen_phones_sawonwall_m806_gold,the_phone_company,gold,134.74,293.0,503,touch_screen_phones,5,cell_phones
1453,the_phone_company_touch_screen_phones_5wireonwall_m508_gold,the_phone_company,gold,118.65,258.0,503,touch_screen_phones,5,cell_phones
1454,the_phone_company_finger_touch_screen_phones_m30_gold,the_phone_company,gold,91.51,199.0,503,touch_screen_phones,5,cell_phones
1455,the_phone_company_pen_touch_screen_phones_m320_gold,the_phone_company,gold,133.36,290.0,503,touch_screen_phones,5,cell_phones
1456,the_phone_company_sharp_touch_screen_phones_m910_gold,the_phone_company,gold,138.42,301.0,503,touch_screen_phones,5,cell_phones
1457,the_phone_company_touch_screen_phones_crt_m11_gold,the_phone_company,gold,86.91,189.0,503,touch_screen_phones,5,cell_phones
1458,the_phone_company_touch_screen_phones_lcd_m12_gold,the_phone_company,gold,91.97,200.0,503,touch_screen_phones,5,cell_phones
1459,contoso_touch_screen_phones_5wirebuiltin_m500_black,contoso,black,117.73,256.0,503,touch_screen_phones,5,cell_phones
1460,contoso_touch_screen_phones_infrared_m901_black,contoso,black,137.96,300.0,503,touch_screen_phones,5,cell_phones
1461,contoso_touch_screen_phones_capacitive_m908_black,contoso,black,141.64,308.0,503,touch_screen_phones,5,cell_phones
1462,contoso_touch_screen_phones_4wire_builtin_m205_black,contoso,black,123.24,268.0,503,touch_screen_phones,5,cell_phones
1463,contoso_touch_screen_phones_sawonwall_m806_black,contoso,black,134.74,293.0,503,touch_screen_phones,5,cell_phones
1464,contoso_touch_screen_phones_5wireonwall_m508_black,contoso,black,118.65,258.0,503,touch_screen_phones,5,cell_phones
1465,contoso_finger_touch_screen_phones_m30_black,contoso,black,91.51,199.0,503,touch_screen_phones,5,cell_phones
1466,contoso_pen_touch_screen_phones_m320_black,contoso,black,133.36,290.0,503,touch_screen_phones,5,cell_phones
1467,contoso_sharp_touch_screen_phones_m910_black,contoso,black,138.42,301.0,503,touch_screen_phones,5,cell_phones
1468,contoso_touch_screen_phones_crt_m11_black,contoso,black,86.91,189.0,503,touch_screen_phones,5,cell_phones
1469,contoso_touch_screen_phones_lcd_m12_black,contoso,black,91.97,200.0,503,touch_screen_phones,5,cell_phones
1470,the_phone_company_smart_phones_without_camera_e100_black,the_phone_company,black,65.77,129.0,504,smart_phones_pdas,5,cell_phones
1471,the_phone_company_microsoft_windows_mobile_m200_black,the_phone_company,black,105.31,229.0,504,smart_phones_pdas,5,cell_phones
1472,the_phone_company_smart_phones_4_gb_of_memory_m300_black,the_phone_company,black,109.91,239.0,504,smart_phones_pdas,5,cell_phones
1473,the_phone_company_smart_phones_8_gb_of_memory_m400_black,the_phone_company,black,123.7,269.0,504,smart_phones_pdas,5,cell_phones
1474,the_phone_company_smart_phones_160x160_m26_black,the_phone_company,black,95.65,208.0,504,smart_phones_pdas,5,cell_phones
1475,the_phone_company_smart_phones_6line_screen_m21_black,the_phone_company,black,105.77,230.0,504,smart_phones_pdas,5,cell_phones
1476,the_phone_company_smart_phones_320_x_320_m86_black,the_phone_company,black,132.44,288.0,504,smart_phones_pdas,5,cell_phones
1477,the_phone_company_smart_phones_unlocked_m300_black,the_phone_company,black,122.78,267.0,504,smart_phones_pdas,5,cell_phones
1478,the_phone_company_smart_phones_expert_m400_black,the_phone_company,black,137.96,300.0,504,smart_phones_pdas,5,cell_phones
1479,the_phone_company_smart_phones_unlocked_international_m800_black,the_phone_company,black,142.56,310.0,504,smart_phones_pdas,5,cell_phones
1480,the_phone_company_smart_phones_without_camera_e100_grey,the_phone_company,grey,65.77,129.0,504,smart_phones_pdas,5,cell_phones
1481,the_phone_company_microsoft_windows_mobile_m200_grey,the_phone_company,grey,105.31,229.0,504,smart_phones_pdas,5,cell_phones
1482,the_phone_company_smart_phones_4_gb_of_memory_m300_grey,the_phone_company,grey,109.91,239.0,504,smart_phones_pdas,5,cell_phones
1483,the_phone_company_smart_phones_8_gb_of_memory_m400_grey,the_phone_company,grey,123.7,269.0,504,smart_phones_pdas,5,cell_phones
1484,the_phone_company_smart_phones_160x160_m26_grey,the_phone_company,grey,95.65,208.0,504,smart_phones_pdas,5,cell_phones
1485,the_phone_company_smart_phones_6line_screen_m21_grey,the_phone_company,grey,105.77,230.0,504,smart_phones_pdas,5,cell_phones
1486,the_phone_company_smart_phones_320_x_320_m86_grey,the_phone_company,grey,132.44,288.0,504,smart_phones_pdas,5,cell_phones
1487,the_phone_company_smart_phones_unlocked_m300_grey,the_phone_company,grey,122.78,267.0,504,smart_phones_pdas,5,cell_phones
1488,the_phone_company_smart_phones_expert_m400_grey,the_phone_company,grey,137.96,300.0,504,smart_phones_pdas,5,cell_phones
1489,the_phone_company_smart_phones_unlocked_international_m800_grey,the_phone_company,grey,142.56,310.0,504,smart_phones_pdas,5,cell_phones
1490,the_phone_company_smart_phones_without_camera_e100_white,the_phone_company,white,65.77,129.0,504,smart_phones_pdas,5,cell_phones
1491,the_phone_company_microsoft_windows_mobile_m200_white,the_phone_company,white,105.31,229.0,504,smart_phones_pdas,5,cell_phones
1492,the_phone_company_smart_phones_4_gb_of_memory_m300_white,the_phone_company,white,109.91,239.0,504,smart_phones_pdas,5,cell_phones
1493,the_phone_company_smart_phones_8_gb_of_memory_m400_white,the_phone_company,white,123.7,269.0,504,smart_phones_pdas,5,cell_phones
1494,the_phone_company_smart_phones_160x160_m26_white,the_phone_company,white,95.65,208.0,504,smart_phones_pdas,5,cell_phones
1495,the_phone_company_smart_phones_6line_screen_m21_white,the_phone_company,white,105.77,230.0,504,smart_phones_pdas,5,cell_phones
1496,the_phone_company_smart_phones_320_x_320_m86_white,the_phone_company,white,132.44,288.0,504,smart_phones_pdas,5,cell_phones
1497,the_phone_company_smart_phones_unlocked_m300_white,the_phone_company,white,122.78,267.0,504,smart_phones_pdas,5,cell_phones
1498,the_phone_company_smart_phones_expert_m400_white,the_phone_company,white,137.96,300.0,504,smart_phones_pdas,5,cell_phones
1499,the_phone_company_smart_phones_unlocked_international_m800_white,the_phone_company,white,142.56,310.0,504,smart_phones_pdas,5,cell_phones
1500,the_phone_company_smart_phones_without_camera_e100_pink,the_phone_company,pink,65.77,129.0,504,smart_phones_pdas,5,cell_phones
1501,the_phone_company_microsoft_windows_mobile_m200_pink,the_phone_company,pink,105.31,229.0,504,smart_phones_pdas,5,cell_phones
1502,the_phone_company_smart_phones_4_gb_of_memory_m300_pink,the_phone_company,pink,109.91,239.0,504,smart_phones_pdas,5,cell_phones
1503,the_phone_company_smart_phones_8_gb_of_memory_m400_pink,the_phone_company,pink,123.7,269.0,504,smart_phones_pdas,5,cell_phones
1504,the_phone_company_smart_phones_160x160_m26_pink,the_phone_company,pink,95.65,208.0,504,smart_phones_pdas,5,cell_phones
1505,the_phone_company_smart_phones_6line_screen_m21_pink,the_phone_company,pink,105.77,230.0,504,smart_phones_pdas,5,cell_phones
1506,the_phone_company_smart_phones_320_x_320_m86_pink,the_phone_company,pink,132.44,288.0,504,smart_phones_pdas,5,cell_phones
1507,the_phone_company_smart_phones_unlocked_m300_pink,the_phone_company,pink,122.78,267.0,504,smart_phones_pdas,5,cell_phones
1508,the_phone_company_smart_phones_expert_m400_pink,the_phone_company,pink,137.96,300.0,504,smart_phones_pdas,5,cell_phones
1509,the_phone_company_smart_phones_unlocked_international_m800_pink,the_phone_company,pink,142.56,310.0,504,smart_phones_pdas,5,cell_phones
1510,the_phone_company_smart_phones_without_camera_e100_gold,the_phone_company,gold,65.77,129.0,504,smart_phones_pdas,5,cell_phones
1511,the_phone_company_microsoft_windows_mobile_m200_gold,the_phone_company,gold,105.31,229.0,504,smart_phones_pdas,5,cell_phones
1512,the_phone_company_smart_phones_4_gb_of_memory_m300_gold,the_phone_company,gold,109.91,239.0,504,smart_phones_pdas,5,cell_phones
1513,the_phone_company_smart_phones_8_gb_of_memory_m400_gold,the_phone_company,gold,123.7,269.0,504,smart_phones_pdas,5,cell_phones
1514,the_phone_company_smart_phones_160x160_m26_gold,the_phone_company,gold,95.65,208.0,504,smart_phones_pdas,5,cell_phones
1515,the_phone_company_smart_phones_6line_screen_m21_gold,the_phone_company,gold,105.77,230.0,504,smart_phones_pdas,5,cell_phones
1516,the_phone_company_smart_phones_320_x_320_m86_gold,the_phone_company,gold,132.44,288.0,504,smart_phones_pdas,5,cell_phones
1517,the_phone_company_smart_phones_unlocked_m300_gold,the_phone_company,gold,122.78,267.0,504,smart_phones_pdas,5,cell_phones
1518,the_phone_company_smart_phones_expert_m400_gold,the_phone_company,gold,137.96,300.0,504,smart_phones_pdas,5,cell_phones
1519,the_phone_company_smart_phones_unlocked_international_m800_gold,the_phone_company,gold,142.56,310.0,504,smart_phones_pdas,5,cell_phones
1520,the_phone_company_pda_wifi_35inch_m200_black,the_phone_company,black,128.76,280.0,504,smart_phones_pdas,5,cell_phones
1521,the_phone_company_pda_wifi_37inch_m250_black,the_phone_company,black,142.56,310.0,504,smart_phones_pdas,5,cell_phones
1522,the_phone_company_pda_wifi_47inch_l290_black,the_phone_company,black,125.9,380.0,504,smart_phones_pdas,5,cell_phones
1523,the_phone_company_pda_phone_35_inches_m320_black,the_phone_company,black,137.5,299.0,504,smart_phones_pdas,5,cell_phones
1524,the_phone_company_pda_phone_37_inches_m340_black,the_phone_company,black,151.76,330.0,504,smart_phones_pdas,5,cell_phones
1525,the_phone_company_pda_phone_47_inches_l360_black,the_phone_company,black,133.19,402.0,504,smart_phones_pdas,5,cell_phones
1526,the_phone_company_pda_phone_unlocked_37_inches_m510_black,the_phone_company,black,109.45,238.0,504,smart_phones_pdas,5,cell_phones
1527,the_phone_company_pda_phone_unlocked_35_inches_m530_black,the_phone_company,black,123.24,268.0,504,smart_phones_pdas,5,cell_phones
1528,the_phone_company_pda_phone_unlocked_47_inches_l550_black,the_phone_company,black,100.06,302.0,504,smart_phones_pdas,5,cell_phones
1529,the_phone_company_pda_handheld_35_inch_m610_black,the_phone_company,black,117.27,255.0,504,smart_phones_pdas,5,cell_phones
1530,the_phone_company_pda_handheld_37_inch_m630_black,the_phone_company,black,122.32,266.0,504,smart_phones_pdas,5,cell_phones
1531,the_phone_company_pda_handheld_47_inch_l650_black,the_phone_company,black,128.88,389.0,504,smart_phones_pdas,5,cell_phones
1532,the_phone_company_pda_palm_35_inch_m810_black,the_phone_company,black,128.76,280.0,504,smart_phones_pdas,5,cell_phones
1533,the_phone_company_pda_palm_37_inch_m830_black,the_phone_company,black,137.5,299.0,504,smart_phones_pdas,5,cell_phones
1534,the_phone_company_pda_palm_47_inch_l850_black,the_phone_company,black,131.87,398.0,504,smart_phones_pdas,5,cell_phones
1535,the_phone_company_pda_gps_phone_35_inch_m910_black,the_phone_company,black,123.24,268.0,504,smart_phones_pdas,5,cell_phones
1536,the_phone_company_pda_gps_phone_37_inch_m930_black,the_phone_company,black,137.04,298.0,504,smart_phones_pdas,5,cell_phones
1537,the_phone_company_pda_gps_phone_47_inch_l950_black,the_phone_company,black,121.93,368.0,504,smart_phones_pdas,5,cell_phones
1538,the_phone_company_pda_wifi_35inch_m200_silver,the_phone_company,silver,128.76,280.0,504,smart_phones_pdas,5,cell_phones
1539,the_phone_company_pda_wifi_37inch_m250_silver,the_phone_company,silver,142.56,310.0,504,smart_phones_pdas,5,cell_phones
1540,the_phone_company_pda_wifi_47inch_l290_silver,the_phone_company,silver,125.9,380.0,504,smart_phones_pdas,5,cell_phones
1541,the_phone_company_pda_phone_35_inches_m320_silver,the_phone_company,silver,137.5,299.0,504,smart_phones_pdas,5,cell_phones
1542,the_phone_company_pda_phone_37_inches_m340_silver,the_phone_company,silver,151.76,330.0,504,smart_phones_pdas,5,cell_phones
1543,the_phone_company_pda_phone_47_inches_l360_silver,the_phone_company,silver,133.19,402.0,504,smart_phones_pdas,5,cell_phones
1544,the_phone_company_pda_phone_unlocked_37_inches_m510_silver,the_phone_company,silver,109.45,238.0,504,smart_phones_pdas,5,cell_phones
1545,the_phone_company_pda_phone_unlocked_35_inches_m530_silver,the_phone_company,silver,123.24,268.0,504,smart_phones_pdas,5,cell_phones
1546,the_phone_company_pda_phone_unlocked_47_inches_l550_silver,the_phone_company,silver,100.06,302.0,504,smart_phones_pdas,5,cell_phones
1547,the_phone_company_pda_handheld_35_inch_m610_silver,the_phone_company,silver,117.27,255.0,504,smart_phones_pdas,5,cell_phones
1548,the_phone_company_pda_handheld_37_inch_m630_silver,the_phone_company,silver,122.32,266.0,504,smart_phones_pdas,5,cell_phones
1549,the_phone_company_pda_handheld_47_inch_l650_silver,the_phone_company,silver,128.88,389.0,504,smart_phones_pdas,5,cell_phones
1550,the_phone_company_pda_palm_35_inch_m810_silver,the_phone_company,silver,128.76,280.0,504,smart_phones_pdas,5,cell_phones
1551,the_phone_company_pda_palm_37_inch_m830_silver,the_phone_company,silver,137.5,299.0,504,smart_phones_pdas,5,cell_phones
1552,the_phone_company_pda_palm_47_inch_l850_silver,the_phone_company,silver,131.87,398.0,504,smart_phones_pdas,5,cell_phones
1553,the_phone_company_pda_gps_phone_35_inch_m910_silver,the_phone_company,silver,123.24,268.0,504,smart_phones_pdas,5,cell_phones
1554,the_phone_company_pda_gps_phone_37_inch_m930_silver,the_phone_company,silver,137.04,298.0,504,smart_phones_pdas,5,cell_phones
1555,the_phone_company_pda_gps_phone_47_inch_l950_silver,the_phone_company,silver,121.93,368.0,504,smart_phones_pdas,5,cell_phones
1556,the_phone_company_pda_wifi_35inch_m200_white,the_phone_company,white,128.76,280.0,504,smart_phones_pdas,5,cell_phones
1557,the_phone_company_pda_wifi_37inch_m250_white,the_phone_company,white,142.56,310.0,504,smart_phones_pdas,5,cell_phones
1558,the_phone_company_pda_wifi_47inch_l290_white,the_phone_company,white,125.9,380.0,504,smart_phones_pdas,5,cell_phones
1559,the_phone_company_pda_phone_35_inches_m320_white,the_phone_company,white,137.5,299.0,504,smart_phones_pdas,5,cell_phones
1560,the_phone_company_pda_phone_37_inches_m340_white,the_phone_company,white,151.76,330.0,504,smart_phones_pdas,5,cell_phones
1561,the_phone_company_pda_phone_47_inches_l360_white,the_phone_company,white,133.19,402.0,504,smart_phones_pdas,5,cell_phones
1562,the_phone_company_pda_phone_unlocked_37_inches_m510_white,the_phone_company,white,109.45,238.0,504,smart_phones_pdas,5,cell_phones
1563,the_phone_company_pda_phone_unlocked_35_inches_m530_white,the_phone_company,white,123.24,268.0,504,smart_phones_pdas,5,cell_phones
1564,the_phone_company_pda_phone_unlocked_47_inches_l550_white,the_phone_company,white,100.06,302.0,504,smart_phones_pdas,5,cell_phones
1565,the_phone_company_pda_handheld_35_inch_m610_white,the_phone_company,white,117.27,255.0,504,smart_phones_pdas,5,cell_phones
1566,the_phone_company_pda_handheld_37_inch_m630_white,the_phone_company,white,122.32,266.0,504,smart_phones_pdas,5,cell_phones
1567,the_phone_company_pda_handheld_47_inch_l650_white,the_phone_company,white,128.88,389.0,504,smart_phones_pdas,5,cell_phones
1568,the_phone_company_pda_palm_35_inch_m810_white,the_phone_company,white,128.76,280.0,504,smart_phones_pdas,5,cell_phones
1569,the_phone_company_pda_palm_37_inch_m830_white,the_phone_company,white,137.5,299.0,504,smart_phones_pdas,5,cell_phones
1570,the_phone_company_pda_palm_47_inch_l850_white,the_phone_company,white,131.87,398.0,504,smart_phones_pdas,5,cell_phones
1571,sv_dvd_player_m100_black,southridge_video,black,26.21,56.99,602,movie_dvd,6,music_movies_and_audio_books
1572,sv_dvd_player_m110_silver,southridge_video,silver,26.67,57.99,602,movie_dvd,6,music_movies_and_audio_books
1573,sv_dvd_player_m120_white,southridge_video,white,27.13,58.99,602,movie_dvd,6,music_movies_and_audio_books
1574,sv_dvd_player_m130_grey,southridge_video,grey,27.59,59.99,602,movie_dvd,6,music_movies_and_audio_books
1575,sv_dvd_player_m140_gold,southridge_video,gold,28.05,60.99,602,movie_dvd,6,music_movies_and_audio_books
1576,sv_dvd_movies_e100_yellow,southridge_video,yellow,6.62,12.99,602,movie_dvd,6,music_movies_and_audio_books
1577,sv_dvd_recorder_l200_black,southridge_video,black,72.56,219.0,602,movie_dvd,6,music_movies_and_audio_books
1578,sv_dvd_recorder_l210_silver,southridge_video,silver,72.56,219.0,602,movie_dvd,6,music_movies_and_audio_books
1579,sv_dvd_recorder_l220_white,southridge_video,white,72.56,219.0,602,movie_dvd,6,music_movies_and_audio_books
1580,sv_dvd_recorder_l230_grey,southridge_video,grey,72.56,219.0,602,movie_dvd,6,music_movies_and_audio_books
1581,sv_dvd_recorder_l240_gold,southridge_video,gold,72.56,219.0,602,movie_dvd,6,music_movies_and_audio_books
1582,sv_dvd_48_dvd_storage_binder_m50_black,southridge_video,black,8.27,17.99,602,movie_dvd,6,music_movies_and_audio_books
1583,sv_dvd_58_dvd_storage_binder_m55_black,southridge_video,black,6.39,13.89,602,movie_dvd,6,music_movies_and_audio_books
1584,sv_dvd_38_dvd_storage_binder_e25_black,southridge_video,black,5.09,9.99,602,movie_dvd,6,music_movies_and_audio_books
1585,sv_dvd_60_dvd_storage_binder_l20_black,southridge_video,black,7.58,22.89,602,movie_dvd,6,music_movies_and_audio_books
1586,sv_dvd_55dvd_storage_binder_m56_black,southridge_video,black,5.82,12.66,602,movie_dvd,6,music_movies_and_audio_books
1587,sv_dvd_48_dvd_storage_binder_m50_silver,southridge_video,silver,8.27,17.99,602,movie_dvd,6,music_movies_and_audio_books
1588,sv_dvd_58_dvd_storage_binder_m55_silver,southridge_video,silver,6.39,13.89,602,movie_dvd,6,music_movies_and_audio_books
1589,sv_dvd_38_dvd_storage_binder_e25_silver,southridge_video,silver,5.09,9.99,602,movie_dvd,6,music_movies_and_audio_books
1590,sv_dvd_60_dvd_storage_binder_l20_silver,southridge_video,silver,7.58,22.89,602,movie_dvd,6,music_movies_and_audio_books
1591,sv_dvd_55dvd_storage_binder_m56_silver,southridge_video,silver,5.82,12.66,602,movie_dvd,6,music_movies_and_audio_books
1592,sv_dvd_48_dvd_storage_binder_m50_red,southridge_video,red,8.27,17.99,602,movie_dvd,6,music_movies_and_audio_books
1593,sv_dvd_58_dvd_storage_binder_m55_red,southridge_video,red,6.39,13.89,602,movie_dvd,6,music_movies_and_audio_books
1594,sv_dvd_38_dvd_storage_binder_e25_red,southridge_video,red,5.09,9.99,602,movie_dvd,6,music_movies_and_audio_books
1595,sv_dvd_60_dvd_storage_binder_l20_red,southridge_video,red,7.58,22.89,602,movie_dvd,6,music_movies_and_audio_books
1596,sv_dvd_55dvd_storage_binder_m56_red,southridge_video,red,5.82,12.66,602,movie_dvd,6,music_movies_and_audio_books
1597,sv_dvd_external_dvd_burner_m200_black,southridge_video,black,26.62,57.88,602,movie_dvd,6,music_movies_and_audio_books
1598,sv_dvd_external_dvd_burner_m200_grey,southridge_video,grey,26.62,57.88,602,movie_dvd,6,music_movies_and_audio_books
1599,sv_dvd_external_dvd_burner_m200_blue,southridge_video,blue,26.62,57.88,602,movie_dvd,6,music_movies_and_audio_books
1600,sv_dvd_external_dvd_burner_m200_silver,southridge_video,silver,26.62,57.88,602,movie_dvd,6,music_movies_and_audio_books
1601,sv_dvd_9inch_player_portable_m300_black,southridge_video,black,73.57,159.99,602,movie_dvd,6,music_movies_and_audio_books
1602,sv_dvd_12inch_player_portable_m400_black,southridge_video,black,82.77,179.99,602,movie_dvd,6,music_movies_and_audio_books
1603,sv_dvd_7inch_player_portable_e200_black,southridge_video,black,56.08,109.99,602,movie_dvd,6,music_movies_and_audio_books
1604,sv_dvd_14inch_player_portable_l100_black,southridge_video,black,86.14,259.99,602,movie_dvd,6,music_movies_and_audio_books
1605,sv_dvd_15inch_player_portable_l200_black,southridge_video,black,96.08,289.99,602,movie_dvd,6,music_movies_and_audio_books
1606,sv_dvd_9inch_player_portable_m300_silver,southridge_video,silver,73.57,159.99,602,movie_dvd,6,music_movies_and_audio_books
1607,sv_dvd_12inch_player_portable_m400_silver,southridge_video,silver,82.77,179.99,602,movie_dvd,6,music_movies_and_audio_books
1608,sv_dvd_7inch_player_portable_e200_silver,southridge_video,silver,56.08,109.99,602,movie_dvd,6,music_movies_and_audio_books
1609,sv_dvd_14inch_player_portable_l100_silver,southridge_video,silver,86.14,259.99,602,movie_dvd,6,music_movies_and_audio_books
1610,sv_dvd_15inch_player_portable_l200_silver,southridge_video,silver,96.08,289.99,602,movie_dvd,6,music_movies_and_audio_books
1611,sv_dvd_9inch_player_portable_m300_white,southridge_video,white,73.57,159.99,602,movie_dvd,6,music_movies_and_audio_books
1612,sv_dvd_12inch_player_portable_m400_white,southridge_video,white,82.77,179.99,602,movie_dvd,6,music_movies_and_audio_books
1613,sv_dvd_7inch_player_portable_e200_white,southridge_video,white,56.08,109.99,602,movie_dvd,6,music_movies_and_audio_books
1614,sv_dvd_14inch_player_portable_l100_white,southridge_video,white,86.14,259.99,602,movie_dvd,6,music_movies_and_audio_books
1615,sv_dvd_15inch_player_portable_l200_white,southridge_video,white,96.08,289.99,602,movie_dvd,6,music_movies_and_audio_books
1616,contoso_dvd_player_m100_black,contoso,black,26.21,56.99,602,movie_dvd,6,music_movies_and_audio_books
1617,contoso_dvd_player_m110_silver,contoso,silver,26.67,57.99,602,movie_dvd,6,music_movies_and_audio_books
1618,contoso_dvd_player_m120_white,contoso,white,27.13,58.99,602,movie_dvd,6,music_movies_and_audio_books
1619,contoso_dvd_player_m130_grey,contoso,grey,27.59,59.99,602,movie_dvd,6,music_movies_and_audio_books
1620,contoso_dvd_player_m140_gold,contoso,gold,28.05,60.99,602,movie_dvd,6,music_movies_and_audio_books
1621,contoso_dvd_movies_e100_yellow,contoso,yellow,6.62,12.99,602,movie_dvd,6,music_movies_and_audio_books
1622,contoso_dvd_recorder_l200_black,contoso,black,72.56,219.0,602,movie_dvd,6,music_movies_and_audio_books
1623,contoso_dvd_recorder_l210_silver,contoso,silver,72.56,219.0,602,movie_dvd,6,music_movies_and_audio_books
1624,contoso_dvd_recorder_l220_white,contoso,white,72.56,219.0,602,movie_dvd,6,music_movies_and_audio_books
1625,contoso_dvd_recorder_l230_grey,contoso,grey,72.56,219.0,602,movie_dvd,6,music_movies_and_audio_books
1626,contoso_dvd_recorder_l240_gold,contoso,gold,72.56,219.0,602,movie_dvd,6,music_movies_and_audio_books
1627,contoso_dvd_48_dvd_storage_binder_m50_black,contoso,black,8.27,17.99,602,movie_dvd,6,music_movies_and_audio_books
1628,contoso_dvd_58_dvd_storage_binder_m55_black,contoso,black,6.39,13.89,602,movie_dvd,6,music_movies_and_audio_books
1629,contoso_dvd_38_dvd_storage_binder_e25_black,contoso,black,5.09,9.99,602,movie_dvd,6,music_movies_and_audio_books
1630,contoso_dvd_60_dvd_storage_binder_l20_black,contoso,black,7.58,22.89,602,movie_dvd,6,music_movies_and_audio_books
1631,contoso_dvd_55dvd_storage_binder_m56_black,contoso,black,5.82,12.66,602,movie_dvd,6,music_movies_and_audio_books
1632,contoso_dvd_48_dvd_storage_binder_m50_silver,contoso,silver,8.27,17.99,602,movie_dvd,6,music_movies_and_audio_books
1633,contoso_dvd_58_dvd_storage_binder_m55_silver,contoso,silver,6.39,13.89,602,movie_dvd,6,music_movies_and_audio_books
1634,contoso_dvd_38_dvd_storage_binder_e25_silver,contoso,silver,5.09,9.99,602,movie_dvd,6,music_movies_and_audio_books
1635,contoso_dvd_60_dvd_storage_binder_l20_silver,contoso,silver,7.58,22.89,602,movie_dvd,6,music_movies_and_audio_books
1636,contoso_dvd_55dvd_storage_binder_m56_silver,contoso,silver,5.82,12.66,602,movie_dvd,6,music_movies_and_audio_books
1637,contoso_dvd_48_dvd_storage_binder_m50_red,contoso,red,8.27,17.99,602,movie_dvd,6,music_movies_and_audio_books
1638,contoso_dvd_58_dvd_storage_binder_m55_red,contoso,red,6.39,13.89,602,movie_dvd,6,music_movies_and_audio_books
1639,contoso_dvd_38_dvd_storage_binder_e25_red,contoso,red,5.09,9.99,602,movie_dvd,6,music_movies_and_audio_books
1640,contoso_dvd_60_dvd_storage_binder_l20_red,contoso,red,7.58,22.89,602,movie_dvd,6,music_movies_and_audio_books
1641,contoso_dvd_55dvd_storage_binder_m56_red,contoso,red,5.82,12.66,602,movie_dvd,6,music_movies_and_audio_books
1642,contoso_dvd_external_dvd_burner_m200_black,contoso,black,26.62,57.88,602,movie_dvd,6,music_movies_and_audio_books
1643,contoso_dvd_external_dvd_burner_m200_grey,contoso,grey,26.62,57.88,602,movie_dvd,6,music_movies_and_audio_books
1644,contoso_dvd_external_dvd_burner_m200_blue,contoso,blue,26.62,57.88,602,movie_dvd,6,music_movies_and_audio_books
1645,contoso_dvd_external_dvd_burner_m200_silver,contoso,silver,26.62,57.88,602,movie_dvd,6,music_movies_and_audio_books
1646,contoso_dvd_9inch_player_portable_m300_black,contoso,black,73.57,159.99,602,movie_dvd,6,music_movies_and_audio_books
1647,contoso_dvd_12inch_player_portable_m400_black,contoso,black,82.77,179.99,602,movie_dvd,6,music_movies_and_audio_books
1648,contoso_dvd_7inch_player_portable_e200_black,contoso,black,56.08,109.99,602,movie_dvd,6,music_movies_and_audio_books
1649,contoso_dvd_14inch_player_portable_l100_black,contoso,black,86.14,259.99,602,movie_dvd,6,music_movies_and_audio_books
1650,contoso_dvd_15inch_player_portable_l200_black,contoso,black,96.08,289.99,602,movie_dvd,6,music_movies_and_audio_books
1651,contoso_dvd_9inch_player_portable_m300_silver,contoso,silver,73.57,159.99,602,movie_dvd,6,music_movies_and_audio_books
1652,contoso_dvd_12inch_player_portable_m400_silver,contoso,silver,82.77,179.99,602,movie_dvd,6,music_movies_and_audio_books
1653,contoso_dvd_7inch_player_portable_e200_silver,contoso,silver,56.08,109.99,602,movie_dvd,6,music_movies_and_audio_books
1654,contoso_dvd_14inch_player_portable_l100_silver,contoso,silver,86.14,259.99,602,movie_dvd,6,music_movies_and_audio_books
1655,contoso_dvd_15inch_player_portable_l200_silver,contoso,silver,96.08,289.99,602,movie_dvd,6,music_movies_and_audio_books
1656,contoso_dvd_9inch_player_portable_m300_white,contoso,white,73.57,159.99,602,movie_dvd,6,music_movies_and_audio_books
1657,contoso_dvd_12inch_player_portable_m400_white,contoso,white,82.77,179.99,602,movie_dvd,6,music_movies_and_audio_books
1658,contoso_dvd_7inch_player_portable_e200_white,contoso,white,56.08,109.99,602,movie_dvd,6,music_movies_and_audio_books
1659,contoso_dvd_14inch_player_portable_l100_white,contoso,white,86.14,259.99,602,movie_dvd,6,music_movies_and_audio_books
1660,contoso_dvd_15inch_player_portable_l200_white,contoso,white,96.08,289.99,602,movie_dvd,6,music_movies_and_audio_books
1661,mgs_hand_games_for_kids_e300_yellow,tailspin_toys,yellow,2.8,5.5,701,boxed_games,7,games_and_toys
1662,mgs_hand_games_for_students_e400_yellow,tailspin_toys,yellow,3.56,6.99,701,boxed_games,7,games_and_toys
1663,mgs_hand_games_men_m300_yellow,tailspin_toys,yellow,3.17,6.89,701,boxed_games,7,games_and_toys
1664,mgs_hand_games_women_m400_yellow,tailspin_toys,yellow,4.13,8.99,701,boxed_games,7,games_and_toys
1665,mgs_hand_games_for_1216_boys_e600_yellow,tailspin_toys,yellow,2.54,4.99,701,boxed_games,7,games_and_toys
1666,mgs_hand_games_for_office_worker_l299_yellow,tailspin_toys,yellow,5.6,16.89,701,boxed_games,7,games_and_toys
1667,mgs_hand_games_for_kids_e300_black,tailspin_toys,black,2.8,5.5,701,boxed_games,7,games_and_toys
1668,mgs_hand_games_for_students_e400_black,tailspin_toys,black,3.56,6.99,701,boxed_games,7,games_and_toys
1669,mgs_hand_games_men_m300_black,tailspin_toys,black,3.17,6.89,701,boxed_games,7,games_and_toys
1670,mgs_hand_games_women_m400_black,tailspin_toys,black,4.13,8.99,701,boxed_games,7,games_and_toys
1671,mgs_hand_games_for_1216_boys_e600_black,tailspin_toys,black,2.54,4.99,701,boxed_games,7,games_and_toys
1672,mgs_hand_games_for_office_worker_l299_black,tailspin_toys,black,5.6,16.89,701,boxed_games,7,games_and_toys
1673,mgs_hand_games_for_kids_e300_red,tailspin_toys,red,2.8,5.5,701,boxed_games,7,games_and_toys
1674,mgs_hand_games_for_students_e400_red,tailspin_toys,red,3.56,6.99,701,boxed_games,7,games_and_toys
1675,mgs_hand_games_men_m300_red,tailspin_toys,red,3.17,6.89,701,boxed_games,7,games_and_toys
1676,mgs_hand_games_women_m400_red,tailspin_toys,red,4.13,8.99,701,boxed_games,7,games_and_toys
1677,mgs_hand_games_for_1216_boys_e600_red,tailspin_toys,red,2.54,4.99,701,boxed_games,7,games_and_toys
1678,mgs_hand_games_for_office_worker_l299_red,tailspin_toys,red,5.6,16.89,701,boxed_games,7,games_and_toys
1679,mgs_hand_games_for_kids_e300_silver,tailspin_toys,silver,2.8,5.5,701,boxed_games,7,games_and_toys
1680,mgs_hand_games_for_students_e400_silver,tailspin_toys,silver,3.56,6.99,701,boxed_games,7,games_and_toys
1681,mgs_hand_games_men_m300_silver,tailspin_toys,silver,3.17,6.89,701,boxed_games,7,games_and_toys
1682,mgs_hand_games_women_m400_silver,tailspin_toys,silver,4.13,8.99,701,boxed_games,7,games_and_toys
1683,mgs_hand_games_for_1216_boys_e600_silver,tailspin_toys,silver,2.54,4.99,701,boxed_games,7,games_and_toys
1684,mgs_hand_games_for_office_worker_l299_silver,tailspin_toys,silver,5.6,16.89,701,boxed_games,7,games_and_toys
1685,sv_hand_games_for_kids_e30_yellow,southridge_video,yellow,2.75,5.39,701,boxed_games,7,games_and_toys
1686,sv_hand_games_for_students_e40_yellow,southridge_video,yellow,3.56,6.99,701,boxed_games,7,games_and_toys
1687,sv_hand_games_men_m30_yellow,southridge_video,yellow,3.16,6.88,701,boxed_games,7,games_and_toys
1688,sv_hand_games_women_m40_yellow,southridge_video,yellow,4.08,8.88,701,boxed_games,7,games_and_toys
1689,sv_hand_games_for_1216_boys_e60_yellow,southridge_video,yellow,2.54,4.98,701,boxed_games,7,games_and_toys
1690,sv_hand_games_for_office_worker_l28_yellow,southridge_video,yellow,5.63,16.99,701,boxed_games,7,games_and_toys
1691,sv_hand_games_for_kids_e30_black,southridge_video,black,2.75,5.39,701,boxed_games,7,games_and_toys
1692,sv_hand_games_for_students_e40_black,southridge_video,black,3.56,6.99,701,boxed_games,7,games_and_toys
1693,sv_hand_games_men_m30_black,southridge_video,black,3.16,6.88,701,boxed_games,7,games_and_toys
1694,sv_hand_games_women_m40_black,southridge_video,black,4.08,8.88,701,boxed_games,7,games_and_toys
1695,sv_hand_games_for_1216_boys_e60_black,southridge_video,black,2.54,4.98,701,boxed_games,7,games_and_toys
1696,sv_hand_games_for_office_worker_l28_black,southridge_video,black,5.63,16.99,701,boxed_games,7,games_and_toys
1697,sv_hand_games_for_kids_e30_red,southridge_video,red,2.75,5.39,701,boxed_games,7,games_and_toys
1698,sv_hand_games_for_students_e40_red,southridge_video,red,3.56,6.99,701,boxed_games,7,games_and_toys
1699,sv_hand_games_men_m30_red,southridge_video,red,3.16,6.88,701,boxed_games,7,games_and_toys
1700,sv_hand_games_women_m40_red,southridge_video,red,4.08,8.88,701,boxed_games,7,games_and_toys
1701,sv_hand_games_for_1216_boys_e60_red,southridge_video,red,2.54,4.98,701,boxed_games,7,games_and_toys
1702,sv_hand_games_for_office_worker_l28_red,southridge_video,red,5.63,16.99,701,boxed_games,7,games_and_toys
1703,sv_hand_games_for_kids_e30_silver,southridge_video,silver,2.75,5.39,701,boxed_games,7,games_and_toys
1704,sv_hand_games_for_students_e40_silver,southridge_video,silver,3.56,6.99,701,boxed_games,7,games_and_toys
1705,sv_hand_games_men_m30_silver,southridge_video,silver,3.16,6.88,701,boxed_games,7,games_and_toys
1706,sv_hand_games_women_m40_silver,southridge_video,silver,4.08,8.88,701,boxed_games,7,games_and_toys
1707,mgs_dal_of_honor_airborne_m150,tailspin_toys,silver,32.25,70.13,702,download_games,7,games_and_toys
1708,mgs_collectors_m160,tailspin_toys,black,32.25,70.13,702,download_games,7,games_and_toys
1709,mgs_gears_of_war_m170,tailspin_toys,blue,32.25,70.13,702,download_games,7,games_and_toys
1710,mgs_age_of_empires_iii_the_asian_dynasties_m180,tailspin_toys,silver,32.25,70.13,702,download_games,7,games_and_toys
1711,mgs_age_of_empires_iii_the_asian_dynasties_m190,tailspin_toys,black,32.25,70.13,702,download_games,7,games_and_toys
1712,mgs_flight_simulator_x_acceleration_expansion_pack_m200,tailspin_toys,silver,32.25,70.13,702,download_games,7,games_and_toys
1713,mgs_zoo_tycoon_2_extinct_animals_m210,tailspin_toys,silver,32.25,70.13,702,download_games,7,games_and_toys
1714,mgs_halo_2_for_windows_vista_m220,tailspin_toys,white,32.25,70.13,702,download_games,7,games_and_toys
1715,mgs_shadowrun_m230,tailspin_toys,white,32.25,70.13,702,download_games,7,games_and_toys
1716,mgs_age_of_empires_iii_the_war_chiefs_m240,tailspin_toys,black,32.25,70.13,702,download_games,7,games_and_toys
1717,mgs_flight_simulator_x_m250,tailspin_toys,pink,32.25,70.13,702,download_games,7,games_and_toys
1718,mgs_zoo_tycoon_2_zookeeper_collection_m260,tailspin_toys,blue,32.25,70.13,702,download_games,7,games_and_toys
1719,mgs_zoo_tycoon_2_marine_mania_expansion_pack_m270,tailspin_toys,black,32.25,70.13,702,download_games,7,games_and_toys
1720,mgs_zoo_tycoon_2_african_adventure_m280,tailspin_toys,black,32.25,70.13,702,download_games,7,games_and_toys
1721,mgs_rise_of_nations_rise_of_legends_m290,tailspin_toys,black,32.25,70.13,702,download_games,7,games_and_toys
1722,mgs_zoo_tycoon_2_end_range_species_expansion_pack_e105,tailspin_toys,silver,28.55,56.0,702,download_games,7,games_and_toys
1723,mgs_age_of_empires_iii_the_asian_dynasties_e106,tailspin_toys,pink,28.55,56.0,702,download_games,7,games_and_toys
1724,mgs_fable_the_lost_chapters_e107,tailspin_toys,silver,28.55,56.0,702,download_games,7,games_and_toys
1725,mgs_dungeon_siege_ii_e105,tailspin_toys,silver,28.55,56.0,702,download_games,7,games_and_toys
1726,mgs_zoo_tycoon_2_e108,tailspin_toys,silver,28.55,56.0,702,download_games,7,games_and_toys
1727,mgs_rise_of_nations_gold_edition_m300,tailspin_toys,pink,25.75,56.0,702,download_games,7,games_and_toys
1728,mgs_age_of_mythology_gold_edition_m310,tailspin_toys,blue,36.7,79.8,702,download_games,7,games_and_toys
1729,mgs_rise_of_nations_thrones_and_patriots_m320,tailspin_toys,blue,35.72,77.68,702,download_games,7,games_and_toys
1730,mgs_dungeon_siege_legends_of_aranna_m330,tailspin_toys,blue,35.72,77.68,702,download_games,7,games_and_toys
1731,mgs_king_myths_the_age_collection_m340,tailspin_toys,black,33.32,72.45,702,download_games,7,games_and_toys
1732,mgs_age_of_mythology_the_titans_expansion_m350,tailspin_toys,black,33.32,72.45,702,download_games,7,games_and_toys
1733,mgs_halo_combat_evolved_e109,tailspin_toys,silver,11.62,22.79,702,download_games,7,games_and_toys
1734,mgs_zoo_tycoon_complete_collection_e110,tailspin_toys,blue,14.28,28.0,702,download_games,7,games_and_toys
1735,mgs_flight_simulator_2004_a_century_of_flight_e111,tailspin_toys,black,14.28,28.0,702,download_games,7,games_and_toys
1736,mgs_rise_of_nations_e112,tailspin_toys,white,14.28,28.0,702,download_games,7,games_and_toys
1737,mgs_freelancer_e113,tailspin_toys,silver,14.28,28.0,702,download_games,7,games_and_toys
1738,mgs_impossible_creatures_e114,tailspin_toys,blue,14.28,28.0,702,download_games,7,games_and_toys
1739,mgs_rallisport_challenge_e115,tailspin_toys,silver,14.28,28.0,702,download_games,7,games_and_toys
1740,mgs_mechcollection_e116,tailspin_toys,silver,14.28,28.0,702,download_games,7,games_and_toys
1741,mgs_mechwarrior_4_mercenaries_e117,tailspin_toys,blue,14.28,28.0,702,download_games,7,games_and_toys
1742,mgs_age_of_mythology_e118,tailspin_toys,pink,14.28,28.0,702,download_games,7,games_and_toys
1743,mgs_combat_flight_simulator_3_e119,tailspin_toys,blue,14.28,28.0,702,download_games,7,games_and_toys
1744,mgs_zoo_tycoon_marine_mania_e120,tailspin_toys,black,14.28,28.0,702,download_games,7,games_and_toys
1745,mgs_mechwarrior_4_mach_packs_x100,tailspin_toys,blue,36.11,109.0,702,download_games,7,games_and_toys
1746,mgs_zoo_tycoon_dinosaur_digs_x200,tailspin_toys,black,36.11,109.0,702,download_games,7,games_and_toys
1747,mgs_dungeon_siege_x300,tailspin_toys,blue,36.11,109.0,702,download_games,7,games_and_toys
1748,mgs_classic_flight_collection_x400,tailspin_toys,black,36.11,109.0,702,download_games,7,games_and_toys
1749,mgs_bicycle_board_games_x500,tailspin_toys,grey,36.11,109.0,702,download_games,7,games_and_toys
1750,mgs_bicycle_card_games_x600,tailspin_toys,white,36.11,109.0,702,download_games,7,games_and_toys
1751,mgs_bicycle_casino_games_x700,tailspin_toys,silver,36.11,109.0,702,download_games,7,games_and_toys
1752,mgs_flight_simulator_2002_m360,tailspin_toys,pink,40.93,89.0,702,download_games,7,games_and_toys
1753,mgs_racing_madness_2_m370,tailspin_toys,pink,40.93,89.0,702,download_games,7,games_and_toys
1754,mgs_zoo_tycoon_m380,tailspin_toys,blue,40.93,89.0,702,download_games,7,games_and_toys
1755,mgs_mechwarrior_4_knight_e121,tailspin_toys,black,33.09,64.9,702,download_games,7,games_and_toys
1756,mgs_age_of_empires_ii_gold_edition_e122,tailspin_toys,black,33.09,64.9,702,download_games,7,games_and_toys
1757,mgs_mechcommander_2_e123,tailspin_toys,black,28.5,55.9,702,download_games,7,games_and_toys
1758,mgs_train_simulator_e124,tailspin_toys,white,25.77,50.54,702,download_games,7,games_and_toys
1759,mgs_mechwarrior_4_vengeance_x800,tailspin_toys,purple,34.75,104.89,702,download_games,7,games_and_toys
1760,mgs_return_of_arcade_anniversary_edition_m390,tailspin_toys,blue,43.6,94.8,702,download_games,7,games_and_toys
1761,mgs_combat_flight_simulator_2_m400,tailspin_toys,black,33.75,73.39,702,download_games,7,games_and_toys
1762,mgs_age_of_empires_ii_the_conquerors_expansion_e125,tailspin_toys,black,16.0,31.39,702,download_games,7,games_and_toys
1763,mgs_flight_simulator_2000_m410,tailspin_toys,pink,45.87,99.75,702,download_games,7,games_and_toys
1764,mgs_age_of_empires_ii_the_age_of_kings_e126,tailspin_toys,blue,23.86,46.8,702,download_games,7,games_and_toys
1765,mgs_age_of_empires_expansion_the_rise_of_rome_x900,tailspin_toys,blue,198.39,598.8,702,download_games,7,games_and_toys
1766,mgs_age_of_empires_2008new_m420,tailspin_toys,black,24.83,54.0,702,download_games,7,games_and_toys
1767,mgs_dal_of_honor_airborne_2008_m430,tailspin_toys,white,15.64,34.0,702,download_games,7,games_and_toys
1768,mgs_empires_collectors_2008_m440,tailspin_toys,purple,15.64,34.0,702,download_games,7,games_and_toys
1769,mgs_gears_of_war_2008_m450,tailspin_toys,white,15.64,34.0,702,download_games,7,games_and_toys
1770,mgs_age_of_empires_iii_the_asian_dynasties_2008_e126,tailspin_toys,white,17.33,34.0,702,download_games,7,games_and_toys
1771,mgs_age_of_empires_iii_the_asian_dynasties_2009_e127,tailspin_toys,white,17.33,34.0,702,download_games,7,games_and_toys
1772,mgs_flight_simulator_x_acceleration_expansion_pack_2009_e128,tailspin_toys,blue,17.33,34.0,702,download_games,7,games_and_toys
1773,mgs_zoo_tycoon_2_extinct_animals_2008_e129,tailspin_toys,black,21.92,43.0,702,download_games,7,games_and_toys
1774,mgs_halo_2_for_windows_vista_2009_e130,tailspin_toys,silver,21.92,43.0,702,download_games,7,games_and_toys
1775,mgs_shadowrun_2008_e131,tailspin_toys,pink,21.92,43.0,702,download_games,7,games_and_toys
1776,mgs_age_of_empires_iii_the_war_chiefs_2007_e132,tailspin_toys,black,21.92,43.0,702,download_games,7,games_and_toys
1777,mgs_flight_simulator_x_2008_e133,tailspin_toys,silver,21.92,43.0,702,download_games,7,games_and_toys
1778,mgs_zoo_tycoon_2_zookeeper_collection_2008_e134,tailspin_toys,pink,21.92,43.0,702,download_games,7,games_and_toys
1779,mgs_zoo_tycoon2_marine_mania_expansion_pack_2008_e135,tailspin_toys,blue,21.92,43.0,702,download_games,7,games_and_toys
1780,mgs_zoo_tycoon_2_african_adventure_2008_e136,tailspin_toys,blue,21.92,43.0,702,download_games,7,games_and_toys
1781,mgs_rise_of_nations_rise_of_legends_2008_e137,tailspin_toys,white,21.92,43.0,702,download_games,7,games_and_toys
1782,mgs_zoo_tycoon_2_end_range_species_expansion_pack_2008_e138,tailspin_toys,silver,21.92,43.0,702,download_games,7,games_and_toys
1783,mgs_age_of_empires_iii_2008_e139,tailspin_toys,white,21.92,43.0,702,download_games,7,games_and_toys
1784,mgs_fable_the_lost_chapters2008_e140,tailspin_toys,white,21.92,43.0,702,download_games,7,games_and_toys
1785,mgs_dungeon_2007_e141,tailspin_toys,silver,21.92,43.0,702,download_games,7,games_and_toys
1786,mgs_zoo_tycoon_2008_e142,tailspin_toys,pink,21.92,43.0,702,download_games,7,games_and_toys
1787,mgs_rise_of_nations_gold_edition_2009_e143,tailspin_toys,pink,21.92,43.0,702,download_games,7,games_and_toys
1788,mgs_age_of_mythology_gold_edition_2009_e144,tailspin_toys,silver,21.92,43.0,702,download_games,7,games_and_toys
1789,mgs_rise_of_nations_thrones_and_patriots2009_e145,tailspin_toys,yellow,21.92,43.0,702,download_games,7,games_and_toys
1790,mgs_dungeon_siege_legends_of_aranna_2009_e146,tailspin_toys,silver,21.92,43.0,702,download_games,7,games_and_toys
1791,mgs_kings_myths_the_age_collection2009_e147,tailspin_toys,pink,21.92,43.0,702,download_games,7,games_and_toys
1792,mgs_age_of_mythology_the_titans_expansion_2009_e148,tailspin_toys,pink,21.92,43.0,702,download_games,7,games_and_toys
1793,mgs_halo_combat_evolved2009_e149,tailspin_toys,pink,21.92,43.0,702,download_games,7,games_and_toys
1794,mgs_zoo_tycoon_complete_collection2009_e150,tailspin_toys,silver,21.92,43.0,702,download_games,7,games_and_toys
1795,mgs_flight_simulator_2009_a_century_of_flight_e151,tailspin_toys,silver,21.92,43.0,702,download_games,7,games_and_toys
1796,mgs_rise_of_nations2009_e152,tailspin_toys,silver,21.92,43.0,702,download_games,7,games_and_toys
1797,mgs_freelancer_2009_e153,tailspin_toys,silver,21.92,43.0,702,download_games,7,games_and_toys
1798,mgs_impossible_creatures2009_e154,tailspin_toys,black,21.92,43.0,702,download_games,7,games_and_toys
1799,mgs_rallisport_challenge2009_e155,tailspin_toys,silver,13.26,26.0,702,download_games,7,games_and_toys
1800,mgs_mechcollection2009_e156,tailspin_toys,white,16.31,32.0,702,download_games,7,games_and_toys
1801,mgs_mechwarrior4_mercenaries2009_e157,tailspin_toys,white,16.31,32.0,702,download_games,7,games_and_toys
1802,mgs_age_of_mythology_2009_e158,tailspin_toys,white,16.31,32.0,702,download_games,7,games_and_toys
1803,mgs_combat_flight_simulator_2009_e159,tailspin_toys,blue,16.31,32.0,702,download_games,7,games_and_toys
1804,mgs_zoo_tycoon_marine_mania_2009_e160,tailspin_toys,blue,16.31,32.0,702,download_games,7,games_and_toys
1805,mgs_mechwarrior_4_mach_paks2009_e161,tailspin_toys,green,16.31,32.0,702,download_games,7,games_and_toys
1806,mgs_zoo_tycoon_dinosaur_digs2009_e162,tailspin_toys,blue,16.31,32.0,702,download_games,7,games_and_toys
1807,mgs_dungeon_siege_2009_e163,tailspin_toys,gold,16.31,32.0,702,download_games,7,games_and_toys
1808,mgs_classic_flight_collection2009_e164,tailspin_toys,pink,16.31,32.0,702,download_games,7,games_and_toys
1809,mgs_bicycle_board_games2009_e165,tailspin_toys,blue,16.31,32.0,702,download_games,7,games_and_toys
1810,mgs_bicycle_card_games2009_e166,tailspin_toys,blue,16.31,32.0,702,download_games,7,games_and_toys
1811,mgs_bicycle_casino_games2009_e167,tailspin_toys,blue,16.31,32.0,702,download_games,7,games_and_toys
1812,mgs_flight_simulator_2009_e168,tailspin_toys,blue,16.31,32.0,702,download_games,7,games_and_toys
1813,mgs_racing_madness_2009_e169,tailspin_toys,blue,16.31,32.0,702,download_games,7,games_and_toys
1814,mgs_zoo_tycoon2009_e170,tailspin_toys,blue,16.31,32.0,702,download_games,7,games_and_toys
1815,mgs_mechwarrior_4knight2009_e171,tailspin_toys,blue,16.31,32.0,702,download_games,7,games_and_toys
1816,mgs_age_of_empires_ii_gold_edition2009_e172,tailspin_toys,blue,16.31,32.0,702,download_games,7,games_and_toys
1817,mgs_mechcommander_2009_e173,tailspin_toys,blue,16.31,32.0,702,download_games,7,games_and_toys
1818,mgs_train_simulator_2009_e174,tailspin_toys,blue,16.31,32.0,702,download_games,7,games_and_toys
1819,mgs_mechwarrior_4_vengeance_2009_e175,tailspin_toys,blue,16.31,32.0,702,download_games,7,games_and_toys
1820,mgs_return_of_arcade_anniversary_edition_2009_e176,tailspin_toys,blue,16.31,32.0,702,download_games,7,games_and_toys
1821,mgs_combat_flight_simulator_2009_e177,tailspin_toys,blue,16.31,32.0,702,download_games,7,games_and_toys
1822,mgs_age_of_empires_ii_the_conquerors_expansion_2009_e178,tailspin_toys,blue,16.31,32.0,702,download_games,7,games_and_toys
1823,mgs_flight_simulator_2009_e179,tailspin_toys,blue,16.31,32.0,702,download_games,7,games_and_toys
1824,mgs_age_of_empires_ii_the_age_of_kings_2009_e180,tailspin_toys,blue,16.31,32.0,702,download_games,7,games_and_toys
1825,mgs_age_of_empires_expansion_the_rise_of_rome_2009_e181,tailspin_toys,blue,16.31,32.0,702,download_games,7,games_and_toys
1826,mgs_age_of_empires_2009_e182,tailspin_toys,blue,16.31,32.0,702,download_games,7,games_and_toys
1827,litware_washer_dryer_27in_l420_white,litware,white,878.66,2652.0,801,washers_dryers,8,home_appliances
1828,litware_washer_dryer_255in_m350_white,litware,white,914.67,1989.0,801,washers_dryers,8,home_appliances
1829,litware_washer_dryer_24in_m260_white,litware,white,836.03,1818.0,801,washers_dryers,8,home_appliances
1830,litware_washer_dryer_21in_e214_white,litware,white,815.22,1599.0,801,washers_dryers,8,home_appliances
1831,litware_washer_dryer_155in_e150_white,litware,white,509.32,999.0,801,washers_dryers,8,home_appliances
1832,litware_washer_dryer_27in_l420_silver,litware,silver,878.66,2652.0,801,washers_dryers,8,home_appliances
1833,litware_washer_dryer_255in_m350_silver,litware,silver,914.67,1989.0,801,washers_dryers,8,home_appliances
1834,litware_washer_dryer_24in_m260_silver,litware,silver,836.03,1818.0,801,washers_dryers,8,home_appliances
1835,litware_washer_dryer_21in_e214_silver,litware,silver,815.22,1599.0,801,washers_dryers,8,home_appliances
1836,litware_washer_dryer_155in_e150_silver,litware,silver,509.32,999.0,801,washers_dryers,8,home_appliances
1837,litware_washer_dryer_27in_l420_blue,litware,blue,878.66,2652.0,801,washers_dryers,8,home_appliances
1838,litware_washer_dryer_255in_m350_blue,litware,blue,914.67,1989.0,801,washers_dryers,8,home_appliances
1839,litware_washer_dryer_24in_m260_blue,litware,blue,836.03,1818.0,801,washers_dryers,8,home_appliances
1840,litware_washer_dryer_21in_e214_blue,litware,blue,815.22,1599.0,801,washers_dryers,8,home_appliances
1841,litware_washer_dryer_155in_e150_blue,litware,blue,509.32,999.0,801,washers_dryers,8,home_appliances
1842,litware_washer_dryer_27in_l420_green,litware,green,878.66,2652.0,801,washers_dryers,8,home_appliances
1843,litware_washer_dryer_255in_m350_green,litware,green,914.67,1989.0,801,washers_dryers,8,home_appliances
1844,litware_washer_dryer_24in_m260_green,litware,green,836.03,1818.0,801,washers_dryers,8,home_appliances
1845,litware_washer_dryer_21in_e214_green,litware,green,815.22,1599.0,801,washers_dryers,8,home_appliances
1846,litware_washer_dryer_155in_e150_green,litware,green,509.32,999.0,801,washers_dryers,8,home_appliances
1847,nt_washer_dryer_27in_l2700_white,northwind_traders,white,878.96,2652.9,801,washers_dryers,8,home_appliances
1848,nt_washer_dryer_255in_m2550_white,northwind_traders,white,915.08,1989.9,801,washers_dryers,8,home_appliances
1849,nt_washer_dryer_24in_m2400_white,northwind_traders,white,836.45,1818.9,801,washers_dryers,8,home_appliances
1850,nt_washer_dryer_21in_e2100_white,northwind_traders,white,815.68,1599.9,801,washers_dryers,8,home_appliances
1851,nt_washer_dryer_155in_e1550_white,northwind_traders,white,509.78,999.9,801,washers_dryers,8,home_appliances
1852,nt_washer_dryer_27in_l2700_silver,northwind_traders,silver,878.96,2652.9,801,washers_dryers,8,home_appliances
1853,nt_washer_dryer_255in_m2550_silver,northwind_traders,silver,915.08,1989.9,801,washers_dryers,8,home_appliances
1854,nt_washer_dryer_24in_m2400_silver,northwind_traders,silver,836.45,1818.9,801,washers_dryers,8,home_appliances
1855,nt_washer_dryer_21in_e2100_silver,northwind_traders,silver,815.68,1599.9,801,washers_dryers,8,home_appliances
1856,nt_washer_dryer_155in_e1550_silver,northwind_traders,silver,509.78,999.9,801,washers_dryers,8,home_appliances
1857,nt_washer_dryer_27in_l2700_blue,northwind_traders,blue,878.96,2652.9,801,washers_dryers,8,home_appliances
1858,nt_washer_dryer_255in_m2550_blue,northwind_traders,blue,915.08,1989.9,801,washers_dryers,8,home_appliances
1859,nt_washer_dryer_24in_m2400_blue,northwind_traders,blue,836.45,1818.9,801,washers_dryers,8,home_appliances
1860,nt_washer_dryer_21in_e2100_blue,northwind_traders,blue,815.68,1599.9,801,washers_dryers,8,home_appliances
1861,nt_washer_dryer_155in_e1550_blue,northwind_traders,blue,509.78,999.9,801,washers_dryers,8,home_appliances
1862,nt_washer_dryer_27in_l2700_green,northwind_traders,green,878.96,2652.9,801,washers_dryers,8,home_appliances
1863,nt_washer_dryer_255in_m2550_green,northwind_traders,green,915.08,1989.9,801,washers_dryers,8,home_appliances
1864,nt_washer_dryer_24in_m2400_green,northwind_traders,green,836.45,1818.9,801,washers_dryers,8,home_appliances
1865,nt_washer_dryer_21in_e2100_green,northwind_traders,green,815.68,1599.9,801,washers_dryers,8,home_appliances
1866,nt_washer_dryer_155in_e1550_green,northwind_traders,green,509.78,999.9,801,washers_dryers,8,home_appliances
1867,contoso_washer_dryer_27in_l270_white,contoso,white,878.66,2652.0,801,washers_dryers,8,home_appliances
1868,contoso_washer_dryer_255in_m255_white,contoso,white,914.67,1989.0,801,washers_dryers,8,home_appliances
1869,contoso_washer_dryer_24in_m240_white,contoso,white,836.03,1818.0,801,washers_dryers,8,home_appliances
1870,contoso_washer_dryer_21in_e210_white,contoso,white,815.22,1599.0,801,washers_dryers,8,home_appliances
1871,contoso_washer_dryer_155in_e155_white,contoso,white,509.32,999.0,801,washers_dryers,8,home_appliances
1872,contoso_washer_dryer_27in_l270_silver,contoso,silver,878.66,2652.0,801,washers_dryers,8,home_appliances
1873,contoso_washer_dryer_255in_m255_silver,contoso,silver,914.67,1989.0,801,washers_dryers,8,home_appliances
1874,contoso_washer_dryer_24in_m240_silver,contoso,silver,836.03,1818.0,801,washers_dryers,8,home_appliances
1875,contoso_washer_dryer_21in_e210_silver,contoso,silver,815.22,1599.0,801,washers_dryers,8,home_appliances
1876,contoso_washer_dryer_155in_e155_silver,contoso,silver,509.32,999.0,801,washers_dryers,8,home_appliances
1877,contoso_washer_dryer_27in_l270_blue,contoso,blue,878.66,2652.0,801,washers_dryers,8,home_appliances
1878,contoso_washer_dryer_255in_m255_blue,contoso,blue,914.67,1989.0,801,washers_dryers,8,home_appliances
1879,contoso_washer_dryer_24in_m240_blue,contoso,blue,836.03,1818.0,801,washers_dryers,8,home_appliances
1880,contoso_washer_dryer_21in_e210_blue,contoso,blue,815.22,1599.0,801,washers_dryers,8,home_appliances
1881,contoso_washer_dryer_155in_e155_blue,contoso,blue,509.32,999.0,801,washers_dryers,8,home_appliances
1882,contoso_washer_dryer_27in_l270_green,contoso,green,878.66,2652.0,801,washers_dryers,8,home_appliances
1883,contoso_washer_dryer_255in_m255_green,contoso,green,914.67,1989.0,801,washers_dryers,8,home_appliances
1884,contoso_washer_dryer_24in_m240_green,contoso,green,836.03,1818.0,801,washers_dryers,8,home_appliances
1885,contoso_washer_dryer_21in_e210_green,contoso,green,815.22,1599.0,801,washers_dryers,8,home_appliances
1886,contoso_washer_dryer_155in_e155_green,contoso,green,509.32,999.0,801,washers_dryers,8,home_appliances
1887,contoso_washer_dryer_27in_l270_red,contoso,red,878.66,2652.0,801,washers_dryers,8,home_appliances
1888,contoso_washer_dryer_255in_m255_red,contoso,red,914.67,1989.0,801,washers_dryers,8,home_appliances
1889,contoso_washer_dryer_24in_m240_red,contoso,red,836.03,1818.0,801,washers_dryers,8,home_appliances
1890,contoso_washer_dryer_21in_e210_red,contoso,red,815.22,1599.0,801,washers_dryers,8,home_appliances
1891,contoso_washer_dryer_155in_e155_red,contoso,red,509.32,999.0,801,washers_dryers,8,home_appliances
1892,contoso_washer_dryer_27in_l270_pink,contoso,pink,878.66,2652.0,801,washers_dryers,8,home_appliances
1893,contoso_washer_dryer_255in_m255_pink,contoso,pink,914.67,1989.0,801,washers_dryers,8,home_appliances
1894,contoso_washer_dryer_24in_m240_pink,contoso,pink,836.03,1818.0,801,washers_dryers,8,home_appliances
1895,contoso_washer_dryer_21in_e210_pink,contoso,pink,815.22,1599.0,801,washers_dryers,8,home_appliances
1896,contoso_washer_dryer_155in_e155_pink,contoso,pink,509.32,999.0,801,washers_dryers,8,home_appliances
1897,fabrikam_refrigerator_247cuft_x9800_white,fabrikam,white,1060.22,3199.99,802,refrigerators,8,home_appliances
1898,fabrikam_refrigerator_19cuft_m7600_white,fabrikam,white,413.42,899.0,802,refrigerators,8,home_appliances
1899,fabrikam_refrigerator_97cuft_m5600_white,fabrikam,white,226.71,493.0,802,refrigerators,8,home_appliances
1900,fabrikam_refrigerator_46cuft_e2800_white,fabrikam,white,152.94,299.99,802,refrigerators,8,home_appliances
1901,fabrikam_refrigerator_32cuft_e1600_white,fabrikam,white,142.75,279.99,802,refrigerators,8,home_appliances
1902,fabrikam_refrigerator_17cuft_e1200_white,fabrikam,white,66.27,129.99,802,refrigerators,8,home_appliances
1903,fabrikam_refrigerator_247cuft_x9800_brown,fabrikam,brown,1060.22,3199.99,802,refrigerators,8,home_appliances
1904,fabrikam_refrigerator_19cuft_m7600_brown,fabrikam,brown,413.42,899.0,802,refrigerators,8,home_appliances
1905,fabrikam_refrigerator_97cuft_m5600_brown,fabrikam,brown,226.71,493.0,802,refrigerators,8,home_appliances
1906,fabrikam_refrigerator_46cuft_e2800_brown,fabrikam,brown,152.94,299.99,802,refrigerators,8,home_appliances
1907,fabrikam_refrigerator_32cuft_e1600_brown,fabrikam,brown,142.75,279.99,802,refrigerators,8,home_appliances
1908,fabrikam_refrigerator_17cuft_e1200_brown,fabrikam,brown,66.27,129.99,802,refrigerators,8,home_appliances
1909,fabrikam_refrigerator_247cuft_x9800_silver,fabrikam,silver,1060.22,3199.99,802,refrigerators,8,home_appliances
1910,fabrikam_refrigerator_19cuft_m7600_silver,fabrikam,silver,413.42,899.0,802,refrigerators,8,home_appliances
1911,fabrikam_refrigerator_97cuft_m5600_silver,fabrikam,silver,226.71,493.0,802,refrigerators,8,home_appliances
1912,fabrikam_refrigerator_46cuft_e2800_silver,fabrikam,silver,152.94,299.99,802,refrigerators,8,home_appliances
1913,fabrikam_refrigerator_32cuft_e1600_silver,fabrikam,silver,142.75,279.99,802,refrigerators,8,home_appliances
1914,fabrikam_refrigerator_17cuft_e1200_silver,fabrikam,silver,66.27,129.99,802,refrigerators,8,home_appliances
1915,fabrikam_refrigerator_247cuft_x9800_green,fabrikam,green,1060.22,3199.99,802,refrigerators,8,home_appliances
1916,fabrikam_refrigerator_19cuft_m7600_green,fabrikam,green,413.42,899.0,802,refrigerators,8,home_appliances
1917,fabrikam_refrigerator_97cuft_m5600_green,fabrikam,green,226.71,493.0,802,refrigerators,8,home_appliances
1918,fabrikam_refrigerator_46cuft_e2800_green,fabrikam,green,152.94,299.99,802,refrigerators,8,home_appliances
1919,fabrikam_refrigerator_32cuft_e1600_green,fabrikam,green,142.75,279.99,802,refrigerators,8,home_appliances
1920,fabrikam_refrigerator_17cuft_e1200_green,fabrikam,green,66.27,129.99,802,refrigerators,8,home_appliances
1921,fabrikam_refrigerator_247cuft_x9800_blue,fabrikam,blue,1060.22,3199.99,802,refrigerators,8,home_appliances
1922,fabrikam_refrigerator_19cuft_m7600_blue,fabrikam,blue,413.42,899.0,802,refrigerators,8,home_appliances
1923,fabrikam_refrigerator_97cuft_m5600_blue,fabrikam,blue,226.71,493.0,802,refrigerators,8,home_appliances
1924,fabrikam_refrigerator_46cuft_e2800_blue,fabrikam,blue,152.94,299.99,802,refrigerators,8,home_appliances
1925,fabrikam_refrigerator_32cuft_e1600_blue,fabrikam,blue,142.75,279.99,802,refrigerators,8,home_appliances
1926,fabrikam_refrigerator_17cuft_e1200_blue,fabrikam,blue,66.27,129.99,802,refrigerators,8,home_appliances
1927,fabrikam_refrigerator_247cuft_x9800_grey,fabrikam,grey,1060.22,3199.99,802,refrigerators,8,home_appliances
1928,fabrikam_refrigerator_19cuft_m7600_grey,fabrikam,grey,413.42,899.0,802,refrigerators,8,home_appliances
1929,fabrikam_refrigerator_97cuft_m5600_grey,fabrikam,grey,226.71,493.0,802,refrigerators,8,home_appliances
1930,fabrikam_refrigerator_46cuft_e2800_grey,fabrikam,grey,152.94,299.99,802,refrigerators,8,home_appliances
1931,fabrikam_refrigerator_32cuft_e1600_grey,fabrikam,grey,142.75,279.99,802,refrigerators,8,home_appliances
1932,fabrikam_refrigerator_17cuft_e1200_grey,fabrikam,grey,66.27,129.99,802,refrigerators,8,home_appliances
1933,fabrikam_refrigerator_247cuft_x9800_orange,fabrikam,orange,1060.22,3199.99,802,refrigerators,8,home_appliances
1934,fabrikam_refrigerator_19cuft_m7600_orange,fabrikam,orange,413.42,899.0,802,refrigerators,8,home_appliances
1935,fabrikam_refrigerator_97cuft_m5600_orange,fabrikam,orange,226.71,493.0,802,refrigerators,8,home_appliances
1936,fabrikam_refrigerator_46cuft_e2800_orange,fabrikam,orange,152.94,299.99,802,refrigerators,8,home_appliances
1937,fabrikam_refrigerator_32cuft_e1600_orange,fabrikam,orange,142.75,279.99,802,refrigerators,8,home_appliances
1938,fabrikam_refrigerator_17cuft_e1200_orange,fabrikam,orange,66.27,129.99,802,refrigerators,8,home_appliances
1939,litware_refrigerator_247cuft_x980_white,litware,white,1060.22,3199.99,802,refrigerators,8,home_appliances
1940,litware_refrigerator_19cuft_m760_white,litware,white,413.42,899.0,802,refrigerators,8,home_appliances
1941,litware_refrigerator_97cuft_m560_white,litware,white,226.71,493.0,802,refrigerators,8,home_appliances
1942,litware_refrigerator_46cuft_e280_white,litware,white,152.94,299.99,802,refrigerators,8,home_appliances
1943,litware_refrigerator_32cuft_e160_white,litware,white,142.75,279.99,802,refrigerators,8,home_appliances
1944,litware_refrigerator_17cuft_e120_white,litware,white,66.27,129.99,802,refrigerators,8,home_appliances
1945,litware_refrigerator_247cuft_x980_brown,litware,brown,1060.22,3199.99,802,refrigerators,8,home_appliances
1946,litware_refrigerator_19cuft_m760_brown,litware,brown,413.42,899.0,802,refrigerators,8,home_appliances
1947,litware_refrigerator_97cuft_m560_brown,litware,brown,226.71,493.0,802,refrigerators,8,home_appliances
1948,litware_refrigerator_46cuft_e280_brown,litware,brown,152.94,299.99,802,refrigerators,8,home_appliances
1949,litware_refrigerator_32cuft_e160_brown,litware,brown,142.75,279.99,802,refrigerators,8,home_appliances
1950,litware_refrigerator_17cuft_e120_brown,litware,brown,66.27,129.99,802,refrigerators,8,home_appliances
1951,litware_refrigerator_247cuft_x980_silver,litware,silver,1060.22,3199.99,802,refrigerators,8,home_appliances
1952,litware_refrigerator_19cuft_m760_silver,litware,silver,413.42,899.0,802,refrigerators,8,home_appliances
1953,litware_refrigerator_97cuft_m560_silver,litware,silver,226.71,493.0,802,refrigerators,8,home_appliances
1954,litware_refrigerator_46cuft_e280_silver,litware,silver,152.94,299.99,802,refrigerators,8,home_appliances
1955,litware_refrigerator_32cuft_e160_silver,litware,silver,142.75,279.99,802,refrigerators,8,home_appliances
1956,litware_refrigerator_17cuft_e120_silver,litware,silver,66.27,129.99,802,refrigerators,8,home_appliances
1957,litware_refrigerator_247cuft_x980_green,litware,green,1060.22,3199.99,802,refrigerators,8,home_appliances
1958,litware_refrigerator_19cuft_m760_green,litware,green,413.42,899.0,802,refrigerators,8,home_appliances
1959,litware_refrigerator_97cuft_m560_green,litware,green,226.71,493.0,802,refrigerators,8,home_appliances
1960,litware_refrigerator_46cuft_e280_green,litware,green,152.94,299.99,802,refrigerators,8,home_appliances
1961,litware_refrigerator_32cuft_e160_green,litware,green,142.75,279.99,802,refrigerators,8,home_appliances
1962,litware_refrigerator_17cuft_e120_green,litware,green,66.27,129.99,802,refrigerators,8,home_appliances
1963,litware_refrigerator_247cuft_x980_blue,litware,blue,1060.22,3199.99,802,refrigerators,8,home_appliances
1964,litware_refrigerator_19cuft_m760_blue,litware,blue,413.42,899.0,802,refrigerators,8,home_appliances
1965,litware_refrigerator_97cuft_m560_blue,litware,blue,226.71,493.0,802,refrigerators,8,home_appliances
1966,litware_refrigerator_46cuft_e280_blue,litware,blue,152.94,299.99,802,refrigerators,8,home_appliances
1967,litware_refrigerator_32cuft_e160_blue,litware,blue,142.75,279.99,802,refrigerators,8,home_appliances
1968,litware_refrigerator_17cuft_e120_blue,litware,blue,66.27,129.99,802,refrigerators,8,home_appliances
1969,litware_refrigerator_247cuft_x980_grey,litware,grey,1060.22,3199.99,802,refrigerators,8,home_appliances
1970,litware_refrigerator_19cuft_m760_grey,litware,grey,413.42,899.0,802,refrigerators,8,home_appliances
1971,litware_refrigerator_97cuft_m560_grey,litware,grey,226.71,493.0,802,refrigerators,8,home_appliances
1972,litware_refrigerator_46cuft_e280_grey,litware,grey,152.94,299.99,802,refrigerators,8,home_appliances
1973,litware_refrigerator_32cuft_e160_grey,litware,grey,142.75,279.99,802,refrigerators,8,home_appliances
1974,litware_refrigerator_17cuft_e120_grey,litware,grey,66.27,129.99,802,refrigerators,8,home_appliances
1975,litware_refrigerator_l1200_orange,litware,orange,1060.22,3199.99,802,refrigerators,8,home_appliances
1976,litware_refrigerator_19cuft_m760_orange,litware,orange,413.42,899.0,802,refrigerators,8,home_appliances
1977,litware_refrigerator_97cuft_m560_orange,litware,orange,226.71,493.0,802,refrigerators,8,home_appliances
1978,litware_refrigerator_46cuft_e280_orange,litware,orange,152.94,299.99,802,refrigerators,8,home_appliances
1979,litware_refrigerator_32cuft_e160_orange,litware,orange,142.75,279.99,802,refrigerators,8,home_appliances
1980,litware_refrigerator_17cuft_e120_orange,litware,orange,66.27,129.99,802,refrigerators,8,home_appliances
1981,litware_refrigerator_19cuft_m760_red,litware,red,413.42,899.0,802,refrigerators,8,home_appliances
1982,litware_refrigerator_97cuft_m560_red,litware,red,226.71,493.0,802,refrigerators,8,home_appliances
1983,fabrikam_microwave_15cuft_x1100_white,fabrikam,white,220.64,665.94,803,microwaves,8,home_appliances
1984,fabrikam_microwave_22cuft_m1250_white,fabrikam,white,91.97,199.99,803,microwaves,8,home_appliances
1985,fabrikam_microwave_16cuft_m1250_white,fabrikam,white,82.77,179.99,803,microwaves,8,home_appliances
1986,fabrikam_microwave_10cuft_e1100_white,fabrikam,white,71.37,139.99,803,microwaves,8,home_appliances
1987,fabrikam_microwave_09cuft_e0900_white,fabrikam,white,50.98,99.99,803,microwaves,8,home_appliances
1988,fabrikam_microwave_08cuft_e0800_white,fabrikam,white,48.43,94.99,803,microwaves,8,home_appliances
1989,fabrikam_microwave_15cuft_x1100_silver,fabrikam,silver,220.64,665.94,803,microwaves,8,home_appliances
1990,fabrikam_microwave_22cuft_m1250_silver,fabrikam,silver,91.97,199.99,803,microwaves,8,home_appliances
1991,fabrikam_microwave_16cuft_m1250_silver,fabrikam,silver,82.77,179.99,803,microwaves,8,home_appliances
1992,fabrikam_microwave_10cuft_e1100_silver,fabrikam,silver,71.37,139.99,803,microwaves,8,home_appliances
1993,fabrikam_microwave_09cuft_e0900_silver,fabrikam,silver,50.98,99.99,803,microwaves,8,home_appliances
1994,fabrikam_microwave_08cuft_e0800_silver,fabrikam,silver,48.43,94.99,803,microwaves,8,home_appliances
1995,fabrikam_microwave_15cuft_x1100_grey,fabrikam,grey,220.64,665.94,803,microwaves,8,home_appliances
1996,fabrikam_microwave_22cuft_m1250_grey,fabrikam,grey,91.97,199.99,803,microwaves,8,home_appliances
1997,fabrikam_microwave_16cuft_m1250_grey,fabrikam,grey,82.77,179.99,803,microwaves,8,home_appliances
1998,fabrikam_microwave_10cuft_e1100_grey,fabrikam,grey,71.37,139.99,803,microwaves,8,home_appliances
1999,fabrikam_microwave_09cuft_e0900_grey,fabrikam,grey,50.98,99.99,803,microwaves,8,home_appliances
2000,fabrikam_microwave_08cuft_e0800_grey,fabrikam,grey,48.43,94.99,803,microwaves,8,home_appliances
2001,fabrikam_microwave_15cuft_x1100_red,fabrikam,red,220.64,665.94,803,microwaves,8,home_appliances
2002,fabrikam_microwave_22cuft_m1250_red,fabrikam,red,91.97,199.99,803,microwaves,8,home_appliances
2003,fabrikam_microwave_16cuft_m1250_red,fabrikam,red,82.77,179.99,803,microwaves,8,home_appliances
2004,fabrikam_microwave_10cuft_e1100_red,fabrikam,red,71.37,139.99,803,microwaves,8,home_appliances
2005,fabrikam_microwave_09cuft_e0900_red,fabrikam,red,50.98,99.99,803,microwaves,8,home_appliances
2006,fabrikam_microwave_08cuft_e0800_red,fabrikam,red,48.43,94.99,803,microwaves,8,home_appliances
2007,fabrikam_microwave_15cuft_x1100_black,fabrikam,black,220.64,665.94,803,microwaves,8,home_appliances
2008,fabrikam_microwave_22cuft_m1250_black,fabrikam,black,91.97,199.99,803,microwaves,8,home_appliances
2009,fabrikam_microwave_16cuft_m1250_black,fabrikam,black,82.77,179.99,803,microwaves,8,home_appliances
2010,fabrikam_microwave_10cuft_e1100_black,fabrikam,black,71.37,139.99,803,microwaves,8,home_appliances
2011,fabrikam_microwave_09cuft_e0900_black,fabrikam,black,50.98,99.99,803,microwaves,8,home_appliances
2012,fabrikam_microwave_08cuft_e0800_black,fabrikam,black,48.43,94.99,803,microwaves,8,home_appliances
2013,fabrikam_microwave_15cuft_x1100_blue,fabrikam,blue,220.64,665.94,803,microwaves,8,home_appliances
2014,fabrikam_microwave_22cuft_m1250_blue,fabrikam,blue,91.97,199.99,803,microwaves,8,home_appliances
2015,fabrikam_microwave_16cuft_m1250_blue,fabrikam,blue,82.77,179.99,803,microwaves,8,home_appliances
2016,fabrikam_microwave_10cuft_e1100_blue,fabrikam,blue,71.37,139.99,803,microwaves,8,home_appliances
2017,fabrikam_microwave_09cuft_e0900_blue,fabrikam,blue,50.98,99.99,803,microwaves,8,home_appliances
2018,fabrikam_microwave_08cuft_e0800_blue,fabrikam,blue,48.43,94.99,803,microwaves,8,home_appliances
2019,litware_microwave_15cuft_x110_white,litware,white,220.64,665.94,803,microwaves,8,home_appliances
2020,litware_microwave_22cuft_m125_white,litware,white,91.97,199.99,803,microwaves,8,home_appliances
2021,litware_microwave_16cuft_m125_white,litware,white,82.77,179.99,803,microwaves,8,home_appliances
2022,litware_microwave_10cuft_e110_white,litware,white,71.37,139.99,803,microwaves,8,home_appliances
2023,litware_microwave_09cuft_e090_white,litware,white,50.98,99.99,803,microwaves,8,home_appliances
2024,litware_microwave_08cuft_e080_white,litware,white,48.43,94.99,803,microwaves,8,home_appliances
2025,litware_microwave_15cuft_x110_silver,litware,silver,220.64,665.94,803,microwaves,8,home_appliances
2026,litware_microwave_22cuft_m125_silver,litware,silver,91.97,199.99,803,microwaves,8,home_appliances
2027,litware_microwave_16cuft_m125_silver,litware,silver,82.77,179.99,803,microwaves,8,home_appliances
2028,litware_microwave_10cuft_e110_silver,litware,silver,71.37,139.99,803,microwaves,8,home_appliances
2029,litware_microwave_09cuft_e090_silver,litware,silver,50.98,99.99,803,microwaves,8,home_appliances
2030,litware_microwave_08cuft_e080_silver,litware,silver,48.43,94.99,803,microwaves,8,home_appliances
2031,litware_microwave_15cuft_x110_grey,litware,grey,220.64,665.94,803,microwaves,8,home_appliances
2032,litware_microwave_22cuft_m125_grey,litware,grey,91.97,199.99,803,microwaves,8,home_appliances
2033,litware_microwave_16cuft_m125_grey,litware,grey,82.77,179.99,803,microwaves,8,home_appliances
2034,litware_microwave_10cuft_e110_grey,litware,grey,71.37,139.99,803,microwaves,8,home_appliances
2035,litware_microwave_09cuft_e090_grey,litware,grey,50.98,99.99,803,microwaves,8,home_appliances
2036,litware_microwave_08cuft_e080_grey,litware,grey,48.43,94.99,803,microwaves,8,home_appliances
2037,litware_microwave_15cuft_x110_red,litware,red,220.64,665.94,803,microwaves,8,home_appliances
2038,litware_microwave_22cuft_m125_red,litware,red,91.97,199.99,803,microwaves,8,home_appliances
2039,litware_microwave_16cuft_m125_red,litware,red,82.77,179.99,803,microwaves,8,home_appliances
2040,litware_microwave_10cuft_e110_red,litware,red,71.37,139.99,803,microwaves,8,home_appliances
2041,litware_microwave_09cuft_e090_red,litware,red,50.98,99.99,803,microwaves,8,home_appliances
2042,litware_microwave_08cuft_e080_red,litware,red,48.43,94.99,803,microwaves,8,home_appliances
2043,litware_microwave_15cuft_x110_black,litware,black,220.64,665.94,803,microwaves,8,home_appliances
2044,litware_microwave_22cuft_m125_black,litware,black,91.97,199.99,803,microwaves,8,home_appliances
2045,litware_microwave_16cuft_m125_black,litware,black,82.77,179.99,803,microwaves,8,home_appliances
2046,litware_microwave_10cuft_e110_black,litware,black,71.37,139.99,803,microwaves,8,home_appliances
2047,litware_microwave_09cuft_e090_black,litware,black,50.98,99.99,803,microwaves,8,home_appliances
2048,litware_microwave_08cuft_e080_black,litware,black,48.43,94.99,803,microwaves,8,home_appliances
2049,litware_microwave_15cuft_x110_blue,litware,blue,220.64,665.94,803,microwaves,8,home_appliances
2050,litware_microwave_22cuft_m125_blue,litware,blue,91.97,199.99,803,microwaves,8,home_appliances
2051,litware_microwave_16cuft_m125_blue,litware,blue,82.77,179.99,803,microwaves,8,home_appliances
2052,litware_microwave_10cuft_e110_blue,litware,blue,71.37,139.99,803,microwaves,8,home_appliances
2053,litware_microwave_09cuft_e090_blue,litware,blue,50.98,99.99,803,microwaves,8,home_appliances
2054,litware_microwave_08cuft_e080_blue,litware,blue,48.43,94.99,803,microwaves,8,home_appliances
2055,contoso_microwave_15cuft_x0110_white,contoso,white,220.64,665.94,803,microwaves,8,home_appliances
2056,contoso_microwave_22cuft_m0125_white,contoso,white,91.97,199.99,803,microwaves,8,home_appliances
2057,contoso_microwave_16cuft_m0125_white,contoso,white,82.77,179.99,803,microwaves,8,home_appliances
2058,contoso_microwave_10cuft_e0110_white,contoso,white,71.37,139.99,803,microwaves,8,home_appliances
2059,contoso_microwave_09cuft_e0090_white,contoso,white,50.98,99.99,803,microwaves,8,home_appliances
2060,contoso_microwave_08cuft_e0080_white,contoso,white,48.43,94.99,803,microwaves,8,home_appliances
2061,contoso_microwave_15cuft_x0110_silver,contoso,silver,220.64,665.94,803,microwaves,8,home_appliances
2062,contoso_microwave_22cuft_m0125_silver,contoso,silver,91.97,199.99,803,microwaves,8,home_appliances
2063,contoso_microwave_16cuft_m0125_silver,contoso,silver,82.77,179.99,803,microwaves,8,home_appliances
2064,contoso_microwave_10cuft_e0110_silver,contoso,silver,71.37,139.99,803,microwaves,8,home_appliances
2065,contoso_microwave_09cuft_e0090_silver,contoso,silver,50.98,99.99,803,microwaves,8,home_appliances
2066,contoso_microwave_08cuft_e0080_silver,contoso,silver,48.43,94.99,803,microwaves,8,home_appliances
2067,contoso_microwave_15cuft_x0110_grey,contoso,grey,220.64,665.94,803,microwaves,8,home_appliances
2068,contoso_microwave_22cuft_m0125_grey,contoso,grey,91.97,199.99,803,microwaves,8,home_appliances
2069,contoso_microwave_22cuft_m0126_grey,contoso,grey,82.77,179.99,803,microwaves,8,home_appliances
2070,contoso_microwave_10cuft_e0110_grey,contoso,grey,71.37,139.99,803,microwaves,8,home_appliances
2071,contoso_microwave_09cuft_e0090_grey,contoso,grey,50.98,99.99,803,microwaves,8,home_appliances
2072,contoso_microwave_08cuft_e0080_grey,contoso,grey,48.43,94.99,803,microwaves,8,home_appliances
2073,contoso_microwave_15cuft_x0110_red,contoso,red,220.64,665.94,803,microwaves,8,home_appliances
2074,contoso_microwave_22cuft_m0125_red,contoso,red,91.97,199.99,803,microwaves,8,home_appliances
2075,contoso_microwave_16cuft_m0125_red,contoso,red,82.77,179.99,803,microwaves,8,home_appliances
2076,contoso_microwave_10cuft_e0110_red,contoso,red,71.37,139.99,803,microwaves,8,home_appliances
2077,contoso_microwave_09cuft_e0090_red,contoso,red,50.98,99.99,803,microwaves,8,home_appliances
2078,contoso_microwave_08cuft_e0080_red,contoso,red,48.43,94.99,803,microwaves,8,home_appliances
2079,contoso_microwave_15cuft_x0110_black,contoso,black,220.64,665.94,803,microwaves,8,home_appliances
2080,contoso_microwave_22cuft_m0125_black,contoso,black,91.97,199.99,803,microwaves,8,home_appliances
2081,contoso_microwave_16cuft_m0125_black,contoso,black,82.77,179.99,803,microwaves,8,home_appliances
2082,contoso_microwave_10cuft_e0110_black,contoso,black,71.37,139.99,803,microwaves,8,home_appliances
2083,contoso_microwave_09cuft_e0090_black,contoso,black,50.98,99.99,803,microwaves,8,home_appliances
2084,contoso_microwave_08cuft_e0080_black,contoso,black,48.43,94.99,803,microwaves,8,home_appliances
2085,contoso_water_heater_72gpm_x1800_white,contoso,white,488.7,1475.0,804,water_heaters,8,home_appliances
2086,contoso_water_heater_43gpm_m1250_white,contoso,white,403.53,877.5,804,water_heaters,8,home_appliances
2087,contoso_water_heater_40gpm_m1250_white,contoso,white,363.75,791.0,804,water_heaters,8,home_appliances
2088,contoso_water_heater_26gpm_e0900_white,contoso,white,258.99,508.0,804,water_heaters,8,home_appliances
2089,contoso_water_heater_15gpm_e0800_white,contoso,white,131.28,257.5,804,water_heaters,8,home_appliances
2090,contoso_water_heater_72gpm_x1800_blue,contoso,blue,488.7,1475.0,804,water_heaters,8,home_appliances
2091,contoso_water_heater_43gpm_m1250_blue,contoso,blue,403.53,877.5,804,water_heaters,8,home_appliances
2092,contoso_water_heater_40gpm_m1250_blue,contoso,blue,363.75,791.0,804,water_heaters,8,home_appliances
2093,contoso_water_heater_26gpm_e0900_blue,contoso,blue,258.99,508.0,804,water_heaters,8,home_appliances
2094,contoso_water_heater_15gpm_e0800_blue,contoso,blue,131.28,257.5,804,water_heaters,8,home_appliances
2095,contoso_water_heater_72gpm_x1800_green,contoso,green,488.7,1475.0,804,water_heaters,8,home_appliances
2096,contoso_water_heater_43gpm_m1250_green,contoso,green,403.53,877.5,804,water_heaters,8,home_appliances
2097,contoso_water_heater_40gpm_m1250_green,contoso,green,363.75,791.0,804,water_heaters,8,home_appliances
2098,contoso_water_heater_26gpm_e0900_green,contoso,green,258.99,508.0,804,water_heaters,8,home_appliances
2099,contoso_water_heater_15gpm_e0800_green,contoso,green,131.28,257.5,804,water_heaters,8,home_appliances
2100,contoso_water_heater_72gpm_x1800_silver,contoso,silver,488.7,1475.0,804,water_heaters,8,home_appliances
2101,contoso_water_heater_43gpm_m1250_silver,contoso,silver,403.53,877.5,804,water_heaters,8,home_appliances
2102,contoso_water_heater_40gpm_m1250_silver,contoso,silver,363.75,791.0,804,water_heaters,8,home_appliances
2103,contoso_water_heater_26gpm_e0900_silver,contoso,silver,258.99,508.0,804,water_heaters,8,home_appliances
2104,contoso_water_heater_15gpm_e0800_silver,contoso,silver,131.28,257.5,804,water_heaters,8,home_appliances
2105,contoso_water_heater_72gpm_x1800_grey,contoso,grey,488.7,1475.0,804,water_heaters,8,home_appliances
2106,contoso_water_heater_43gpm_m1250_grey,contoso,grey,403.53,877.5,804,water_heaters,8,home_appliances
2107,contoso_water_heater_40gpm_m1250_grey,contoso,grey,363.75,791.0,804,water_heaters,8,home_appliances
2108,contoso_water_heater_26gpm_e0900_grey,contoso,grey,258.99,508.0,804,water_heaters,8,home_appliances
2109,contoso_water_heater_15gpm_e0800_grey,contoso,grey,131.28,257.5,804,water_heaters,8,home_appliances
2110,contoso_water_heater_72gpm_x1800_red,contoso,red,488.7,1475.0,804,water_heaters,8,home_appliances
2111,contoso_water_heater_43gpm_m1250_red,contoso,red,403.53,877.5,804,water_heaters,8,home_appliances
2112,contoso_water_heater_40gpm_m1250_red,contoso,red,363.75,791.0,804,water_heaters,8,home_appliances
2113,contoso_water_heater_26gpm_e0900_red,contoso,red,258.99,508.0,804,water_heaters,8,home_appliances
2114,contoso_water_heater_15gpm_e0800_red,contoso,red,131.28,257.5,804,water_heaters,8,home_appliances
2115,contoso_water_heater_43gpm_m1250_yellow,contoso,yellow,403.53,877.5,804,water_heaters,8,home_appliances
2116,contoso_coffee_maker_superauto_12c_x1250_black,contoso,black,546.68,1650.0,805,coffee_machines,8,home_appliances
2117,contoso_coffee_maker_auto_10c_m1000_black,contoso,black,343.05,745.99,805,coffee_machines,8,home_appliances
2118,contoso_coffee_maker_12c_m1000_black,contoso,black,204.64,445.0,805,coffee_machines,8,home_appliances
2119,contoso_coffee_maker_auto_5c_e0900_black,contoso,black,83.1,163.0,805,coffee_machines,8,home_appliances
2120,contoso_coffee_maker_5c_e0900_black,contoso,black,75.96,149.0,805,coffee_machines,8,home_appliances
2121,contoso_coffee_maker_4c_e0800_black,contoso,black,66.23,129.9,805,coffee_machines,8,home_appliances
2122,contoso_coffee_maker_superauto_12c_x1250_silver,contoso,silver,546.68,1650.0,805,coffee_machines,8,home_appliances
2123,contoso_coffee_maker_auto_10c_m1000_silver,contoso,silver,343.05,745.99,805,coffee_machines,8,home_appliances
2124,contoso_coffee_maker_12c_m1000_silver,contoso,silver,204.64,445.0,805,coffee_machines,8,home_appliances
2125,contoso_coffee_maker_auto_5c_e0900_silver,contoso,silver,83.1,163.0,805,coffee_machines,8,home_appliances
2126,contoso_coffee_maker_5c_e0900_silver,contoso,silver,75.96,149.0,805,coffee_machines,8,home_appliances
2127,contoso_coffee_maker_4c_e0800_silver,contoso,silver,66.23,129.9,805,coffee_machines,8,home_appliances
2128,contoso_coffee_maker_superauto_12c_x1250_white,contoso,white,546.68,1650.0,805,coffee_machines,8,home_appliances
2129,contoso_coffee_maker_auto_10c_m1000_white,contoso,white,343.05,745.99,805,coffee_machines,8,home_appliances
2130,contoso_coffee_maker_12c_m1000_white,contoso,white,204.64,445.0,805,coffee_machines,8,home_appliances
2131,contoso_coffee_maker_auto_5c_e0900_white,contoso,white,83.1,163.0,805,coffee_machines,8,home_appliances
2132,contoso_coffee_maker_5c_e0900_white,contoso,white,75.96,149.0,805,coffee_machines,8,home_appliances
2133,contoso_coffee_maker_4c_e0800_white,contoso,white,66.23,129.9,805,coffee_machines,8,home_appliances
2134,contoso_coffee_maker_superauto_12c_x1250_grey,contoso,grey,546.68,1650.0,805,coffee_machines,8,home_appliances
2135,contoso_coffee_maker_auto_10c_m1000_grey,contoso,grey,343.05,745.99,805,coffee_machines,8,home_appliances
2136,contoso_coffee_maker_12c_m1000_grey,contoso,grey,204.64,445.0,805,coffee_machines,8,home_appliances
2137,contoso_coffee_maker_auto_5c_e0900_grey,contoso,grey,83.1,163.0,805,coffee_machines,8,home_appliances
2138,contoso_coffee_maker_5c_e0900_grey,contoso,grey,75.96,149.0,805,coffee_machines,8,home_appliances
2139,contoso_coffee_maker_4c_e0800_grey,contoso,grey,66.23,129.9,805,coffee_machines,8,home_appliances
2140,adventure_works_coffee_maker_superauto_12c_x125_black,adventure_works,black,546.68,1650.0,805,coffee_machines,8,home_appliances
2141,adventure_works_coffee_maker_auto_10c_m100_black,adventure_works,black,343.05,745.99,805,coffee_machines,8,home_appliances
2142,adventure_works_coffee_maker_12c_m100_black,adventure_works,black,204.64,445.0,805,coffee_machines,8,home_appliances
2143,adventure_works_coffee_maker_auto_5c_e090_black,adventure_works,black,83.1,163.0,805,coffee_machines,8,home_appliances
2144,adventure_works_coffee_maker_5c_e090_black,adventure_works,black,75.96,149.0,805,coffee_machines,8,home_appliances
2145,adventure_works_coffee_maker_4c_e080_black,adventure_works,black,66.23,129.9,805,coffee_machines,8,home_appliances
2146,adventure_works_coffee_maker_superauto_12c_x125_silver,adventure_works,silver,546.68,1650.0,805,coffee_machines,8,home_appliances
2147,adventure_works_coffee_maker_auto_10c_m100_silver,adventure_works,silver,343.05,745.99,805,coffee_machines,8,home_appliances
2148,adventure_works_coffee_maker_12c_m100_silver,adventure_works,silver,204.64,445.0,805,coffee_machines,8,home_appliances
2149,adventure_works_coffee_maker_auto_5c_e090_silver,adventure_works,silver,83.1,163.0,805,coffee_machines,8,home_appliances
2150,adventure_works_coffee_maker_5c_e090_silver,adventure_works,silver,75.96,149.0,805,coffee_machines,8,home_appliances
2151,adventure_works_coffee_maker_4c_e080_silver,adventure_works,silver,66.23,129.9,805,coffee_machines,8,home_appliances
2152,adventure_works_coffee_maker_superauto_12c_x125_white,adventure_works,white,546.68,1650.0,805,coffee_machines,8,home_appliances
2153,adventure_works_coffee_maker_auto_10c_m100_white,adventure_works,white,343.05,745.99,805,coffee_machines,8,home_appliances
2154,adventure_works_coffee_maker_12c_m100_white,adventure_works,white,204.64,445.0,805,coffee_machines,8,home_appliances
2155,adventure_works_coffee_maker_auto_5c_e090_white,adventure_works,white,83.1,163.0,805,coffee_machines,8,home_appliances
2156,adventure_works_coffee_maker_5c_e090_white,adventure_works,white,75.96,149.0,805,coffee_machines,8,home_appliances
2157,adventure_works_coffee_maker_4c_e080_white,adventure_works,white,66.23,129.9,805,coffee_machines,8,home_appliances
2158,adventure_works_coffee_maker_superauto_12c_x125_grey,adventure_works,grey,546.68,1650.0,805,coffee_machines,8,home_appliances
2159,adventure_works_coffee_maker_auto_10c_m100_grey,adventure_works,grey,343.05,745.99,805,coffee_machines,8,home_appliances
2160,adventure_works_coffee_maker_12c_m100_grey,adventure_works,grey,204.64,445.0,805,coffee_machines,8,home_appliances
2161,adventure_works_coffee_maker_auto_5c_e090_grey,adventure_works,grey,83.1,163.0,805,coffee_machines,8,home_appliances
2162,adventure_works_coffee_maker_5c_e090_grey,adventure_works,grey,75.96,149.0,805,coffee_machines,8,home_appliances
2163,adventure_works_coffee_maker_4c_e080_grey,adventure_works,grey,66.23,129.9,805,coffee_machines,8,home_appliances
2164,fabrikam_coffee_maker_superauto_12c_x125_black,fabrikam,black,546.68,1650.0,805,coffee_machines,8,home_appliances
2165,fabrikam_coffee_maker_auto_10c_m100_black,fabrikam,black,343.05,745.99,805,coffee_machines,8,home_appliances
2166,fabrikam_coffee_maker_12c_m100_black,fabrikam,black,204.64,445.0,805,coffee_machines,8,home_appliances
2167,fabrikam_coffee_maker_auto_5c_e090_black,fabrikam,black,83.1,163.0,805,coffee_machines,8,home_appliances
2168,fabrikam_coffee_maker_5c_e090_black,fabrikam,black,75.96,149.0,805,coffee_machines,8,home_appliances
2169,fabrikam_coffee_maker_4c_e080_black,fabrikam,black,66.23,129.9,805,coffee_machines,8,home_appliances
2170,fabrikam_coffee_maker_superauto_12c_x125_silver,fabrikam,silver,546.68,1650.0,805,coffee_machines,8,home_appliances
2171,fabrikam_coffee_maker_auto_10c_m100_silver,fabrikam,silver,343.05,745.99,805,coffee_machines,8,home_appliances
2172,fabrikam_coffee_maker_12c_m100_silver,fabrikam,silver,204.64,445.0,805,coffee_machines,8,home_appliances
2173,fabrikam_coffee_maker_auto_5c_e090_silver,fabrikam,silver,83.1,163.0,805,coffee_machines,8,home_appliances
2174,fabrikam_coffee_maker_5c_e090_silver,fabrikam,silver,75.96,149.0,805,coffee_machines,8,home_appliances
2175,fabrikam_coffee_maker_4c_e080_silver,fabrikam,silver,66.23,129.9,805,coffee_machines,8,home_appliances
2176,fabrikam_coffee_maker_superauto_12c_x125_white,fabrikam,white,546.68,1650.0,805,coffee_machines,8,home_appliances
2177,fabrikam_coffee_maker_auto_10c_m100_white,fabrikam,white,343.05,745.99,805,coffee_machines,8,home_appliances
2178,fabrikam_coffee_maker_12c_m100_white,fabrikam,white,204.64,445.0,805,coffee_machines,8,home_appliances
2179,fabrikam_coffee_maker_auto_5c_e090_white,fabrikam,white,83.1,163.0,805,coffee_machines,8,home_appliances
2180,fabrikam_coffee_maker_5c_e090_white,fabrikam,white,75.96,149.0,805,coffee_machines,8,home_appliances
2181,fabrikam_coffee_maker_4c_e080_white,fabrikam,white,66.23,129.9,805,coffee_machines,8,home_appliances
2182,fabrikam_coffee_maker_superauto_12c_x125_grey,fabrikam,grey,546.68,1650.0,805,coffee_machines,8,home_appliances
2183,fabrikam_coffee_maker_auto_10c_m100_grey,fabrikam,grey,343.05,745.99,805,coffee_machines,8,home_appliances
2184,fabrikam_coffee_maker_12c_m100_grey,fabrikam,grey,204.64,445.0,805,coffee_machines,8,home_appliances
2185,fabrikam_coffee_maker_auto_5c_e090_grey,fabrikam,grey,83.1,163.0,805,coffee_machines,8,home_appliances
2186,fabrikam_coffee_maker_5c_e090_grey,fabrikam,grey,75.96,149.0,805,coffee_machines,8,home_appliances
2187,fabrikam_coffee_maker_4c_e080_grey,fabrikam,grey,66.23,129.9,805,coffee_machines,8,home_appliances
2188,fabrikam_coffee_maker_12c_m100_gold,fabrikam,gold,204.64,445.0,805,coffee_machines,8,home_appliances
2189,fabrikam_coffee_maker_auto_5c_e090_gold,fabrikam,gold,83.1,163.0,805,coffee_machines,8,home_appliances
2190,adventure_works_floor_lamp_x1150_black,adventure_works,black,210.72,635.99,806,lamps,8,home_appliances
2191,adventure_works_floor_lamp_m2150_black,adventure_works,black,155.89,339.0,806,lamps,8,home_appliances
2192,adventure_works_chandelier_m8150_black,adventure_works,black,123.47,268.5,806,lamps,8,home_appliances
2193,adventure_works_chandelier_m6150_black,adventure_works,black,105.76,229.99,806,lamps,8,home_appliances
2194,adventure_works_wall_lamp_e2150_black,adventure_works,black,61.17,119.99,806,lamps,8,home_appliances
2195,adventure_works_wall_lamp_e3150_black,adventure_works,black,52.0,101.99,806,lamps,8,home_appliances
2196,adventure_works_desk_lamp_e1300_black,adventure_works,black,40.76,79.95,806,lamps,8,home_appliances
2197,adventure_works_desk_lamp_e1200_black,adventure_works,black,15.29,29.99,806,lamps,8,home_appliances
2198,adventure_works_floor_lamp_x1150_white,adventure_works,white,210.72,635.99,806,lamps,8,home_appliances
2199,adventure_works_floor_lamp_m2150_white,adventure_works,white,155.89,339.0,806,lamps,8,home_appliances
2200,adventure_works_chandelier_m8150_white,adventure_works,white,123.47,268.5,806,lamps,8,home_appliances
2201,adventure_works_chandelier_m6150_white,adventure_works,white,105.76,229.99,806,lamps,8,home_appliances
2202,adventure_works_wall_lamp_e2150_white,adventure_works,white,61.17,119.99,806,lamps,8,home_appliances
2203,adventure_works_wall_lamp_e3150_white,adventure_works,white,52.0,101.99,806,lamps,8,home_appliances
2204,adventure_works_desk_lamp_e1300_white,adventure_works,white,40.76,79.95,806,lamps,8,home_appliances
2205,adventure_works_desk_lamp_e1200_white,adventure_works,white,15.29,29.99,806,lamps,8,home_appliances
2206,adventure_works_floor_lamp_x1150_silver,adventure_works,silver,210.72,635.99,806,lamps,8,home_appliances
2207,adventure_works_floor_lamp_m2150_silver,adventure_works,silver,155.89,339.0,806,lamps,8,home_appliances
2208,adventure_works_chandelier_m8150_silver,adventure_works,silver,123.47,268.5,806,lamps,8,home_appliances
2209,adventure_works_chandelier_m6150_silver,adventure_works,silver,105.76,229.99,806,lamps,8,home_appliances
2210,adventure_works_wall_lamp_e2150_silver,adventure_works,silver,61.17,119.99,806,lamps,8,home_appliances
2211,adventure_works_wall_lamp_e3150_silver,adventure_works,silver,52.0,101.99,806,lamps,8,home_appliances
2212,adventure_works_desk_lamp_e1300_silver,adventure_works,silver,40.76,79.95,806,lamps,8,home_appliances
2213,adventure_works_desk_lamp_e1200_silver,adventure_works,silver,15.29,29.99,806,lamps,8,home_appliances
2214,adventure_works_floor_lamp_x1150_grey,adventure_works,grey,210.72,635.99,806,lamps,8,home_appliances
2215,adventure_works_floor_lamp_m2150_grey,adventure_works,grey,155.89,339.0,806,lamps,8,home_appliances
2216,adventure_works_chandelier_m8150_grey,adventure_works,grey,123.47,268.5,806,lamps,8,home_appliances
2217,adventure_works_chandelier_m6150_grey,adventure_works,grey,105.76,229.99,806,lamps,8,home_appliances
2218,adventure_works_wall_lamp_e2150_grey,adventure_works,grey,61.17,119.99,806,lamps,8,home_appliances
2219,adventure_works_wall_lamp_e3150_grey,adventure_works,grey,52.0,101.99,806,lamps,8,home_appliances
2220,adventure_works_desk_lamp_e1300_grey,adventure_works,grey,40.76,79.95,806,lamps,8,home_appliances
2221,adventure_works_desk_lamp_e1200_grey,adventure_works,grey,15.29,29.99,806,lamps,8,home_appliances
2222,adventure_works_floor_lamp_x1150_blue,adventure_works,blue,210.72,635.99,806,lamps,8,home_appliances
2223,adventure_works_floor_lamp_m2150_blue,adventure_works,blue,155.89,339.0,806,lamps,8,home_appliances
2224,adventure_works_chandelier_m8150_blue,adventure_works,blue,123.47,268.5,806,lamps,8,home_appliances
2225,adventure_works_chandelier_m6150_blue,adventure_works,blue,105.76,229.99,806,lamps,8,home_appliances
2226,adventure_works_wall_lamp_e2150_blue,adventure_works,blue,61.17,119.99,806,lamps,8,home_appliances
2227,adventure_works_wall_lamp_e3150_blue,adventure_works,blue,52.0,101.99,806,lamps,8,home_appliances
2228,adventure_works_desk_lamp_e1300_blue,adventure_works,blue,40.76,79.95,806,lamps,8,home_appliances
2229,adventure_works_desk_lamp_e1200_blue,adventure_works,blue,15.29,29.99,806,lamps,8,home_appliances
2230,wwi_floor_lamp_x115_black,wide_world_importers,black,210.72,635.99,806,lamps,8,home_appliances
2231,wwi_floor_lamp_m215_black,wide_world_importers,black,155.89,339.0,806,lamps,8,home_appliances
2232,wwi_chandelier_m815_black,wide_world_importers,black,123.47,268.5,806,lamps,8,home_appliances
2233,wwi_chandelier_m615_black,wide_world_importers,black,105.76,229.99,806,lamps,8,home_appliances
2234,wwi_wall_lamp_e215_black,wide_world_importers,black,61.17,119.99,806,lamps,8,home_appliances
2235,wwi_wall_lamp_e315_black,wide_world_importers,black,52.0,101.99,806,lamps,8,home_appliances
2236,wwi_desk_lamp_e130_black,wide_world_importers,black,40.76,79.95,806,lamps,8,home_appliances
2237,wwi_desk_lamp_e120_black,wide_world_importers,black,15.29,29.99,806,lamps,8,home_appliances
2238,wwi_floor_lamp_x115_white,wide_world_importers,white,210.72,635.99,806,lamps,8,home_appliances
2239,wwi_floor_lamp_m215_white,wide_world_importers,white,155.89,339.0,806,lamps,8,home_appliances
2240,wwi_chandelier_m815_white,wide_world_importers,white,123.47,268.5,806,lamps,8,home_appliances
2241,wwi_chandelier_m615_white,wide_world_importers,white,105.76,229.99,806,lamps,8,home_appliances
2242,wwi_wall_lamp_e215_white,wide_world_importers,white,61.17,119.99,806,lamps,8,home_appliances
2243,wwi_wall_lamp_e315_white,wide_world_importers,white,52.0,101.99,806,lamps,8,home_appliances
2244,wwi_desk_lamp_e130_white,wide_world_importers,white,40.76,79.95,806,lamps,8,home_appliances
2245,wwi_desk_lamp_e120_white,wide_world_importers,white,15.29,29.99,806,lamps,8,home_appliances
2246,wwi_floor_lamp_x115_silver,wide_world_importers,silver,210.72,635.99,806,lamps,8,home_appliances
2247,wwi_floor_lamp_m215_silver,wide_world_importers,silver,155.89,339.0,806,lamps,8,home_appliances
2248,wwi_chandelier_m815_silver,wide_world_importers,silver,123.47,268.5,806,lamps,8,home_appliances
2249,wwi_chandelier_m615_silver,wide_world_importers,silver,105.76,229.99,806,lamps,8,home_appliances
2250,wwi_wall_lamp_e215_silver,wide_world_importers,silver,61.17,119.99,806,lamps,8,home_appliances
2251,wwi_wall_lamp_e315_silver,wide_world_importers,silver,52.0,101.99,806,lamps,8,home_appliances
2252,wwi_desk_lamp_e130_silver,wide_world_importers,silver,40.76,79.95,806,lamps,8,home_appliances
2253,wwi_desk_lamp_e120_silver,wide_world_importers,silver,15.29,29.99,806,lamps,8,home_appliances
2254,wwi_floor_lamp_x115_grey,wide_world_importers,grey,210.72,635.99,806,lamps,8,home_appliances
2255,wwi_floor_lamp_m215_grey,wide_world_importers,grey,155.89,339.0,806,lamps,8,home_appliances
2256,wwi_chandelier_m815_grey,wide_world_importers,grey,123.47,268.5,806,lamps,8,home_appliances
2257,wwi_chandelier_m615_grey,wide_world_importers,grey,105.76,229.99,806,lamps,8,home_appliances
2258,wwi_wall_lamp_e215_grey,wide_world_importers,grey,61.17,119.99,806,lamps,8,home_appliances
2259,wwi_wall_lamp_e315_grey,wide_world_importers,grey,52.0,101.99,806,lamps,8,home_appliances
2260,wwi_desk_lamp_e130_grey,wide_world_importers,grey,40.76,79.95,806,lamps,8,home_appliances
2261,wwi_desk_lamp_e120_grey,wide_world_importers,grey,15.29,29.99,806,lamps,8,home_appliances
2262,wwi_floor_lamp_x115_blue,wide_world_importers,blue,210.72,635.99,806,lamps,8,home_appliances
2263,wwi_floor_lamp_m215_blue,wide_world_importers,blue,155.89,339.0,806,lamps,8,home_appliances
2264,wwi_chandelier_m815_blue,wide_world_importers,blue,123.47,268.5,806,lamps,8,home_appliances
2265,wwi_chandelier_m615_blue,wide_world_importers,blue,105.76,229.99,806,lamps,8,home_appliances
2266,wwi_wall_lamp_e215_blue,wide_world_importers,blue,61.17,119.99,806,lamps,8,home_appliances
2267,wwi_wall_lamp_e315_blue,wide_world_importers,blue,52.0,101.99,806,lamps,8,home_appliances
2268,wwi_desk_lamp_e130_blue,wide_world_importers,blue,40.76,79.95,806,lamps,8,home_appliances
2269,wwi_desk_lamp_e120_blue,wide_world_importers,blue,15.29,29.99,806,lamps,8,home_appliances
2270,proseware_floor_lamp_x0115_black,proseware,black,210.72,635.99,806,lamps,8,home_appliances
2271,proseware_floor_lamp_m0215_black,proseware,black,155.89,339.0,806,lamps,8,home_appliances
2272,proseware_chandelier_m0815_black,proseware,black,123.47,268.5,806,lamps,8,home_appliances
2273,proseware_chandelier_m0615_black,proseware,black,105.76,229.99,806,lamps,8,home_appliances
2274,proseware_wall_lamp_e0215_black,proseware,black,61.17,119.99,806,lamps,8,home_appliances
2275,proseware_wall_lamp_e0315_black,proseware,black,52.0,101.99,806,lamps,8,home_appliances
2276,proseware_desk_lamp_e0130_black,proseware,black,40.76,79.95,806,lamps,8,home_appliances
2277,proseware_desk_lamp_e0120_black,proseware,black,15.29,29.99,806,lamps,8,home_appliances
2278,proseware_floor_lamp_x0115_white,proseware,white,210.72,635.99,806,lamps,8,home_appliances
2279,proseware_floor_lamp_m0215_white,proseware,white,155.89,339.0,806,lamps,8,home_appliances
2280,proseware_chandelier_m0815_white,proseware,white,123.47,268.5,806,lamps,8,home_appliances
2281,proseware_chandelier_m0615_white,proseware,white,105.76,229.99,806,lamps,8,home_appliances
2282,proseware_wall_lamp_e0215_white,proseware,white,61.17,119.99,806,lamps,8,home_appliances
2283,proseware_wall_lamp_e0315_white,proseware,white,52.0,101.99,806,lamps,8,home_appliances
2284,proseware_desk_lamp_e0130_white,proseware,white,40.76,79.95,806,lamps,8,home_appliances
2285,proseware_desk_lamp_e0120_white,proseware,white,15.29,29.99,806,lamps,8,home_appliances
2286,proseware_floor_lamp_x0115_silver,proseware,silver,210.72,635.99,806,lamps,8,home_appliances
2287,proseware_floor_lamp_m0215_silver,proseware,silver,155.89,339.0,806,lamps,8,home_appliances
2288,proseware_chandelier_m0815_silver,proseware,silver,123.47,268.5,806,lamps,8,home_appliances
2289,proseware_chandelier_m0615_silver,proseware,silver,105.76,229.99,806,lamps,8,home_appliances
2290,proseware_wall_lamp_e0215_silver,proseware,silver,61.17,119.99,806,lamps,8,home_appliances
2291,proseware_wall_lamp_e0315_silver,proseware,silver,52.0,101.99,806,lamps,8,home_appliances
2292,proseware_desk_lamp_e0130_silver,proseware,silver,40.76,79.95,806,lamps,8,home_appliances
2293,proseware_desk_lamp_e0120_silver,proseware,silver,15.29,29.99,806,lamps,8,home_appliances
2294,proseware_floor_lamp_x0115_grey,proseware,grey,210.72,635.99,806,lamps,8,home_appliances
2295,proseware_floor_lamp_m0215_grey,proseware,grey,155.89,339.0,806,lamps,8,home_appliances
2296,proseware_chandelier_m0815_grey,proseware,grey,123.47,268.5,806,lamps,8,home_appliances
2297,proseware_chandelier_m0615_grey,proseware,grey,105.76,229.99,806,lamps,8,home_appliances
2298,proseware_wall_lamp_e0215_grey,proseware,grey,61.17,119.99,806,lamps,8,home_appliances
2299,proseware_wall_lamp_e0315_grey,proseware,grey,52.0,101.99,806,lamps,8,home_appliances
2300,proseware_desk_lamp_e0130_grey,proseware,grey,40.76,79.95,806,lamps,8,home_appliances
2301,proseware_desk_lamp_e0120_grey,proseware,grey,15.29,29.99,806,lamps,8,home_appliances
2302,proseware_floor_lamp_x0115_blue,proseware,blue,210.72,635.99,806,lamps,8,home_appliances
2303,proseware_floor_lamp_m0215_blue,proseware,blue,155.89,339.0,806,lamps,8,home_appliances
2304,proseware_chandelier_m0815_blue,proseware,blue,123.47,268.5,806,lamps,8,home_appliances
2305,proseware_chandelier_m0615_blue,proseware,blue,105.76,229.99,806,lamps,8,home_appliances
2306,proseware_wall_lamp_e0215_blue,proseware,blue,61.17,119.99,806,lamps,8,home_appliances
2307,proseware_wall_lamp_e0315_blue,proseware,blue,52.0,101.99,806,lamps,8,home_appliances
2308,proseware_desk_lamp_e0130_blue,proseware,blue,40.76,79.95,806,lamps,8,home_appliances
2309,proseware_desk_lamp_e0120_blue,proseware,blue,15.29,29.99,806,lamps,8,home_appliances
2310,litware_floor_lamp_x1015_black,litware,black,210.72,635.99,806,lamps,8,home_appliances
2311,litware_floor_lamp_m2015_black,litware,black,155.89,339.0,806,lamps,8,home_appliances
2312,litware_chandelier_m8015_black,litware,black,123.47,268.5,806,lamps,8,home_appliances
2313,litware_chandelier_m6015_black,litware,black,105.76,229.99,806,lamps,8,home_appliances
2314,litware_wall_lamp_e2015_black,litware,black,61.17,119.99,806,lamps,8,home_appliances
2315,litware_wall_lamp_e3015_black,litware,black,52.0,101.99,806,lamps,8,home_appliances
2316,litware_desk_lamp_e1030_black,litware,black,40.76,79.95,806,lamps,8,home_appliances
2317,litware_desk_lamp_e1020_black,litware,black,15.29,29.99,806,lamps,8,home_appliances
2318,litware_floor_lamp_x1015_white,litware,white,210.72,635.99,806,lamps,8,home_appliances
2319,litware_floor_lamp_m2015_white,litware,white,155.89,339.0,806,lamps,8,home_appliances
2320,litware_chandelier_m8015_white,litware,white,123.47,268.5,806,lamps,8,home_appliances
2321,litware_chandelier_m6015_white,litware,white,105.76,229.99,806,lamps,8,home_appliances
2322,litware_wall_lamp_e2015_white,litware,white,61.17,119.99,806,lamps,8,home_appliances
2323,litware_wall_lamp_e3015_white,litware,white,52.0,101.99,806,lamps,8,home_appliances
2324,litware_desk_lamp_e1030_white,litware,white,40.76,79.95,806,lamps,8,home_appliances
2325,litware_desk_lamp_e1020_white,litware,white,15.29,29.99,806,lamps,8,home_appliances
2326,litware_floor_lamp_x1015_silver,litware,silver,210.72,635.99,806,lamps,8,home_appliances
2327,litware_floor_lamp_m2015_silver,litware,silver,155.89,339.0,806,lamps,8,home_appliances
2328,litware_chandelier_m8015_silver,litware,silver,123.47,268.5,806,lamps,8,home_appliances
2329,litware_chandelier_m6015_silver,litware,silver,105.76,229.99,806,lamps,8,home_appliances
2330,litware_wall_lamp_e2015_silver,litware,silver,61.17,119.99,806,lamps,8,home_appliances
2331,litware_wall_lamp_e3015_silver,litware,silver,52.0,101.99,806,lamps,8,home_appliances
2332,litware_desk_lamp_e1030_silver,litware,silver,40.76,79.95,806,lamps,8,home_appliances
2333,litware_desk_lamp_e1020_silver,litware,silver,15.29,29.99,806,lamps,8,home_appliances
2334,litware_floor_lamp_x1015_grey,litware,grey,210.72,635.99,806,lamps,8,home_appliances
2335,litware_floor_lamp_m2015_grey,litware,grey,155.89,339.0,806,lamps,8,home_appliances
2336,litware_chandelier_m8015_grey,litware,grey,123.47,268.5,806,lamps,8,home_appliances
2337,litware_chandelier_m6015_grey,litware,grey,105.76,229.99,806,lamps,8,home_appliances
2338,litware_wall_lamp_e2015_grey,litware,grey,61.17,119.99,806,lamps,8,home_appliances
2339,litware_wall_lamp_e3015_grey,litware,grey,52.0,101.99,806,lamps,8,home_appliances
2340,litware_desk_lamp_e1030_grey,litware,grey,40.76,79.95,806,lamps,8,home_appliances
2341,litware_desk_lamp_e1020_grey,litware,grey,15.29,29.99,806,lamps,8,home_appliances
2342,litware_floor_lamp_x1015_blue,litware,blue,210.72,635.99,806,lamps,8,home_appliances
2343,litware_floor_lamp_m2015_blue,litware,blue,155.89,339.0,806,lamps,8,home_appliances
2344,litware_chandelier_m8015_blue,litware,blue,123.47,268.5,806,lamps,8,home_appliances
2345,litware_chandelier_m6015_blue,litware,blue,105.76,229.99,806,lamps,8,home_appliances
2346,litware_wall_lamp_e2015_blue,litware,blue,61.17,119.99,806,lamps,8,home_appliances
2347,litware_wall_lamp_e3015_blue,litware,blue,52.0,101.99,806,lamps,8,home_appliances
2348,contoso_air_conditioner_25000btu_l1672_white,contoso,white,210.72,635.99,807,air_conditioners,8,home_appliances
2349,contoso_air_conditioner_12000btu_m0640_white,contoso,white,211.53,459.99,807,air_conditioners,8,home_appliances
2350,contoso_air_conditioner_10000btu_m0490_white,contoso,white,197.74,429.99,807,air_conditioners,8,home_appliances
2351,contoso_air_conditioner_8000btu_m0320_white,contoso,white,183.94,399.99,807,air_conditioners,8,home_appliances
2352,contoso_air_conditioner_7000btu_e0260_white,contoso,white,152.94,299.99,807,air_conditioners,8,home_appliances
2353,contoso_air_conditioner_6000btu_e0180_white,contoso,white,101.96,199.99,807,air_conditioners,8,home_appliances
2354,contoso_air_conditioner_5200btu_e0100_white,contoso,white,56.08,109.99,807,air_conditioners,8,home_appliances
2355,contoso_air_conditioner_25000btu_l1672_red,contoso,red,210.72,635.99,807,air_conditioners,8,home_appliances
2356,contoso_air_conditioner_12000btu_m0640_red,contoso,red,211.53,459.99,807,air_conditioners,8,home_appliances
2357,contoso_air_conditioner_10000btu_m0490_red,contoso,red,197.74,429.99,807,air_conditioners,8,home_appliances
2358,contoso_air_conditioner_8000btu_m0320_red,contoso,red,183.94,399.99,807,air_conditioners,8,home_appliances
2359,contoso_air_conditioner_7000btu_e0260_red,contoso,red,152.94,299.99,807,air_conditioners,8,home_appliances
2360,contoso_air_conditioner_6000btu_e0180_red,contoso,red,101.96,199.99,807,air_conditioners,8,home_appliances
2361,contoso_air_conditioner_5200btu_e0100_red,contoso,red,56.08,109.99,807,air_conditioners,8,home_appliances
2362,contoso_air_conditioner_25000btu_l1672_silver,contoso,silver,210.72,635.99,807,air_conditioners,8,home_appliances
2363,contoso_air_conditioner_12000btu_m0640_silver,contoso,silver,211.53,459.99,807,air_conditioners,8,home_appliances
2364,contoso_air_conditioner_10000btu_m0490_silver,contoso,silver,197.74,429.99,807,air_conditioners,8,home_appliances
2365,contoso_air_conditioner_8000btu_m0320_silver,contoso,silver,183.94,399.99,807,air_conditioners,8,home_appliances
2366,contoso_air_conditioner_7000btu_e0260_silver,contoso,silver,152.94,299.99,807,air_conditioners,8,home_appliances
2367,contoso_air_conditioner_6000btu_e0180_silver,contoso,silver,101.96,199.99,807,air_conditioners,8,home_appliances
2368,contoso_air_conditioner_5200btu_e0100_silver,contoso,silver,56.08,109.99,807,air_conditioners,8,home_appliances
2369,contoso_air_conditioner_25000btu_l1672_grey,contoso,grey,210.72,635.99,807,air_conditioners,8,home_appliances
2370,contoso_air_conditioner_12000btu_m0640_grey,contoso,grey,211.53,459.99,807,air_conditioners,8,home_appliances
2371,contoso_air_conditioner_10000btu_m0490_grey,contoso,grey,197.74,429.99,807,air_conditioners,8,home_appliances
2372,contoso_air_conditioner_8000btu_m0320_grey,contoso,grey,183.94,399.99,807,air_conditioners,8,home_appliances
2373,contoso_air_conditioner_7000btu_e0260_grey,contoso,grey,152.94,299.99,807,air_conditioners,8,home_appliances
2374,contoso_air_conditioner_6000btu_e0180_grey,contoso,grey,101.96,199.99,807,air_conditioners,8,home_appliances
2375,contoso_air_conditioner_5200btu_e0100_grey,contoso,grey,56.08,109.99,807,air_conditioners,8,home_appliances
2376,contoso_air_conditioner_25000btu_l1672_blue,contoso,blue,210.72,635.99,807,air_conditioners,8,home_appliances
2377,contoso_air_conditioner_12000btu_m0640_blue,contoso,blue,211.53,459.99,807,air_conditioners,8,home_appliances
2378,contoso_air_conditioner_10000btu_m0490_blue,contoso,blue,197.74,429.99,807,air_conditioners,8,home_appliances
2379,contoso_air_conditioner_8000btu_m0320_blue,contoso,blue,183.94,399.99,807,air_conditioners,8,home_appliances
2380,contoso_air_conditioner_7000btu_e0260_blue,contoso,blue,152.94,299.99,807,air_conditioners,8,home_appliances
2381,contoso_air_conditioner_6000btu_e0180_blue,contoso,blue,101.96,199.99,807,air_conditioners,8,home_appliances
2382,contoso_air_conditioner_5200btu_e0100_blue,contoso,blue,56.08,109.99,807,air_conditioners,8,home_appliances
2383,proseware_air_conditioner_25000btu_l167_white,proseware,white,210.72,635.99,807,air_conditioners,8,home_appliances
2384,proseware_air_conditioner_12000btu_m640_white,proseware,white,211.53,459.99,807,air_conditioners,8,home_appliances
2385,proseware_air_conditioner_10000btu_m490_white,proseware,white,197.74,429.99,807,air_conditioners,8,home_appliances
2386,proseware_air_conditioner_8000btu_m320_white,proseware,white,183.94,399.99,807,air_conditioners,8,home_appliances
2387,proseware_air_conditioner_7000btu_e260_white,proseware,white,152.94,299.99,807,air_conditioners,8,home_appliances
2388,proseware_air_conditioner_6000btu_e180_white,proseware,white,101.96,199.99,807,air_conditioners,8,home_appliances
2389,proseware_air_conditioner_5200btu_e100_white,proseware,white,56.08,109.99,807,air_conditioners,8,home_appliances
2390,proseware_air_conditioner_25000btu_l167_red,proseware,red,210.72,635.99,807,air_conditioners,8,home_appliances
2391,proseware_air_conditioner_12000btu_m640_red,proseware,red,211.53,459.99,807,air_conditioners,8,home_appliances
2392,proseware_air_conditioner_10000btu_m490_red,proseware,red,197.74,429.99,807,air_conditioners,8,home_appliances
2393,proseware_air_conditioner_8000btu_m320_red,proseware,red,183.94,399.99,807,air_conditioners,8,home_appliances
2394,proseware_air_conditioner_7000btu_e260_red,proseware,red,152.94,299.99,807,air_conditioners,8,home_appliances
2395,proseware_air_conditioner_6000btu_e180_red,proseware,red,101.96,199.99,807,air_conditioners,8,home_appliances
2396,proseware_air_conditioner_5200btu_e100_red,proseware,red,56.08,109.99,807,air_conditioners,8,home_appliances
2397,proseware_air_conditioner_25000btu_l167_silver,proseware,silver,210.72,635.99,807,air_conditioners,8,home_appliances
2398,proseware_air_conditioner_12000btu_m640_silver,proseware,silver,211.53,459.99,807,air_conditioners,8,home_appliances
2399,proseware_air_conditioner_10000btu_m490_silver,proseware,silver,197.74,429.99,807,air_conditioners,8,home_appliances
2400,proseware_air_conditioner_8000btu_m320_silver,proseware,silver,183.94,399.99,807,air_conditioners,8,home_appliances
2401,proseware_air_conditioner_7000btu_e260_silver,proseware,silver,152.94,299.99,807,air_conditioners,8,home_appliances
2402,proseware_air_conditioner_6000btu_e180_silver,proseware,silver,101.96,199.99,807,air_conditioners,8,home_appliances
2403,proseware_air_conditioner_5200btu_e100_silver,proseware,silver,56.08,109.99,807,air_conditioners,8,home_appliances
2404,proseware_air_conditioner_25000btu_l167_grey,proseware,grey,210.72,635.99,807,air_conditioners,8,home_appliances
2405,proseware_air_conditioner_12000btu_m640_grey,proseware,grey,211.53,459.99,807,air_conditioners,8,home_appliances
2406,proseware_air_conditioner_10000btu_m490_grey,proseware,grey,197.74,429.99,807,air_conditioners,8,home_appliances
2407,proseware_air_conditioner_8000btu_m320_grey,proseware,grey,183.94,399.99,807,air_conditioners,8,home_appliances
2408,proseware_air_conditioner_7000btu_e260_grey,proseware,grey,152.94,299.99,807,air_conditioners,8,home_appliances
2409,proseware_air_conditioner_6000btu_e180_grey,proseware,grey,101.96,199.99,807,air_conditioners,8,home_appliances
2410,litware_3speed_oscillating_highperformance_fan_e201_black,litware,black,15.29,29.99,808,fans,8,home_appliances
2411,litware_3speed_oscillating_highperformance_fan_e201_white,litware,white,15.29,29.99,808,fans,8,home_appliances
2412,litware_3speed_oscillating_highperformance_fan_e201_silver,litware,silver,15.29,29.99,808,fans,8,home_appliances
2413,litware_18_adjustable_oscillating_pedestal_fan_e301_black,litware,black,18.78,36.83,808,fans,8,home_appliances
2414,litware_18_adjustable_oscillating_pedestal_fan_e301_white,litware,white,18.78,36.83,808,fans,8,home_appliances
2415,litware_18_adjustable_oscillating_pedestal_fan_e301_silver,litware,silver,18.78,36.83,808,fans,8,home_appliances
2416,litware_3speed_oscillating_blower_fan_m115_white,litware,white,34.03,73.99,808,fans,8,home_appliances
2417,litware_3speed_oscillating_blower_fan_m115_black,litware,black,34.03,73.99,808,fans,8,home_appliances
2418,litware_3speed_oscillating_blower_fan_m115_silver,litware,silver,34.03,73.99,808,fans,8,home_appliances
2419,litware_20_box_fan_e401_blue,litware,blue,13.25,25.99,808,fans,8,home_appliances
2420,litware_20_box_fan_e401_black,litware,black,13.25,25.99,808,fans,8,home_appliances
2421,litware_20_box_fan_e401_white,litware,white,13.25,25.99,808,fans,8,home_appliances
2422,litware_20_box_fan_e401_yellow,litware,yellow,13.25,25.99,808,fans,8,home_appliances
2423,litware_tower_fan_e501_black,litware,black,20.39,39.99,808,fans,8,home_appliances
2424,litware_tower_fan_e501_white,litware,white,20.39,39.99,808,fans,8,home_appliances
2425,litware_tower_fan_e501_yellow,litware,yellow,20.39,39.99,808,fans,8,home_appliances
2426,litware_tower_fan_e501_silver,litware,silver,20.39,39.99,808,fans,8,home_appliances
2427,litware_mobile_fan_external_usb_cooling_fan_e601_silver,litware,silver,16.77,32.89,808,fans,8,home_appliances
2428,litware_mobile_fan_external_usb_cooling_fan_e601_white,litware,white,16.77,32.89,808,fans,8,home_appliances
2429,litware_mobile_fan_external_usb_cooling_fan_e601_pink,litware,pink,16.77,32.89,808,fans,8,home_appliances
2430,litware_mobile_fan_external_usb_cooling_fan_e601_black,litware,black,16.77,32.89,808,fans,8,home_appliances
2431,litware_16_white_oscillating_stand_fan_e701_white,litware,white,14.83,29.09,808,fans,8,home_appliances
2432,litware_16_white_oscillating_stand_fan_e701_black,litware,black,14.83,29.09,808,fans,8,home_appliances
2433,litware_16_white_oscillating_stand_fan_e701_silver,litware,silver,14.83,29.09,808,fans,8,home_appliances
2434,litware_16_white_oscillating_stand_fan_e701_grey,litware,grey,14.83,29.09,808,fans,8,home_appliances
2435,litware_14_high_velocity_floor_fan_e801_silver,litware,silver,22.94,44.99,808,fans,8,home_appliances
2436,litware_14_high_velocity_floor_fan_e801_white,litware,white,22.94,44.99,808,fans,8,home_appliances
2437,litware_14_high_velocity_floor_fan_e801_black,litware,black,22.94,44.99,808,fans,8,home_appliances
2438,litware_14_high_velocity_floor_fan_e801_pink,litware,pink,22.94,44.99,808,fans,8,home_appliances
2439,litware_120mm_blue_led_case_fan_e901_black,litware,black,5.09,9.99,808,fans,8,home_appliances
2440,litware_120mm_blue_led_case_fan_e901_white,litware,white,5.09,9.99,808,fans,8,home_appliances
2441,litware_120mm_blue_led_case_fan_e901_blue,litware,blue,5.09,9.99,808,fans,8,home_appliances
2442,litware_120mm_blue_led_case_fan_e901_grey,litware,grey,5.09,9.99,808,fans,8,home_appliances
2443,litware_80mm_dual_ball_bearing_case_fan_e1001_black,litware,black,2.54,4.99,808,fans,8,home_appliances
2444,litware_80mm_dual_ball_bearing_case_fan_e1001_white,litware,white,2.54,4.99,808,fans,8,home_appliances
2445,litware_80mm_dual_ball_bearing_case_fan_e1001_green,litware,green,2.54,4.99,808,fans,8,home_appliances
2446,litware_80mm_dual_ball_bearing_case_fan_e1001_pink,litware,pink,2.54,4.99,808,fans,8,home_appliances
2447,litware_92mm_dbb_case_fan_e1101_silver,litware,silver,7.64,14.99,808,fans,8,home_appliances
2448,litware_92mm_dbb_case_fan_e1101_black,litware,black,7.64,14.99,808,fans,8,home_appliances
2449,litware_92mm_dbb_case_fan_e1101_white,litware,white,7.64,14.99,808,fans,8,home_appliances
2450,litware_92mm_dbb_case_fan_e1101_grey,litware,grey,7.64,14.99,808,fans,8,home_appliances
2451,litware_desktop_wind_tower_oscillating_fan_e1201_brown,litware,brown,15.29,29.99,808,fans,8,home_appliances
2452,litware_desktop_wind_tower_oscillating_fan_e1201_purple,litware,purple,15.29,29.99,808,fans,8,home_appliances
2453,litware_desktop_wind_tower_oscillating_fan_e1201_black,litware,black,15.29,29.99,808,fans,8,home_appliances
2454,litware_desktop_wind_tower_oscillating_fan_e1201_white,litware,white,15.29,29.99,808,fans,8,home_appliances
2455,litware_usb_foam_fan_e1301_pink,litware,pink,10.19,19.99,808,fans,8,home_appliances
2456,litware_usb_foam_fan_e1301_white,litware,white,10.19,19.99,808,fans,8,home_appliances
2457,litware_usb_foam_fan_e1301_black,litware,black,10.19,19.99,808,fans,8,home_appliances
2458,litware_usb_foam_fan_e1301_red,litware,red,10.19,19.99,808,fans,8,home_appliances
2459,litware_180_cfm_vertical_discharge_fan_x450_red,litware,red,71.44,215.62,808,fans,8,home_appliances
2460,litware_180_cfm_vertical_discharge_fan_x450_black,litware,black,71.44,215.62,808,fans,8,home_appliances
2461,litware_180_cfm_vertical_discharge_fan_x450_white,litware,white,71.44,215.62,808,fans,8,home_appliances
2462,litware_180_cfm_vertical_discharge_fan_x450_blue,litware,blue,71.44,215.62,808,fans,8,home_appliances
2463,litware_usb_durable_desk_soft_fan_e1401_white,litware,white,15.29,30.0,808,fans,8,home_appliances
2464,litware_usb_durable_desk_soft_fan_e1401_black,litware,black,15.29,30.0,808,fans,8,home_appliances
2465,litware_usb_durable_desk_soft_fan_e1401_blue,litware,blue,15.29,30.0,808,fans,8,home_appliances
2466,litware_usb_durable_desk_soft_fan_e1401_red,litware,red,15.29,30.0,808,fans,8,home_appliances
2467,litware_80mm_led_dual_pci_slot_fan_e1501_yellow,litware,yellow,15.8,30.99,808,fans,8,home_appliances
2468,litware_80mm_led_dual_pci_slot_fan_e1501_red,litware,red,15.8,30.99,808,fans,8,home_appliances
2469,litware_80mm_led_dual_pci_slot_fan_e1501_blue,litware,blue,15.8,30.99,808,fans,8,home_appliances
2470,litware_80mm_led_dual_pci_slot_fan_e1501_pink,litware,pink,15.8,30.99,808,fans,8,home_appliances
2471,litware_80mm_led_dual_pci_slot_fan_e1501_white,litware,white,15.8,30.99,808,fans,8,home_appliances
2472,litware_20_weathershield_performance_box_fan_e1601_orange,litware,orange,15.29,29.99,808,fans,8,home_appliances
2473,litware_20_weathershield_performance_box_fan_e1601_yellow,litware,yellow,15.29,29.99,808,fans,8,home_appliances
2474,litware_20_weathershield_performance_box_fan_e1601_white,litware,white,15.29,29.99,808,fans,8,home_appliances
2475,litware_20_weathershield_performance_box_fan_e1601_black,litware,black,15.29,29.99,808,fans,8,home_appliances
2476,litware_17_oscillating_pedestal_fan_m125_pink,litware,pink,96.57,210.0,808,fans,8,home_appliances
2477,litware_17_oscillating_pedestal_fan_m125_yellow,litware,yellow,96.57,210.0,808,fans,8,home_appliances
2478,litware_17_oscillating_pedestal_fan_m125_blue,litware,blue,96.57,210.0,808,fans,8,home_appliances
2479,litware_17_oscillating_pedestal_fan_m125_white,litware,white,96.57,210.0,808,fans,8,home_appliances
2480,litware_18_oscillating_pedestal_fan_m135_pink,litware,pink,160.95,350.0,808,fans,8,home_appliances
2481,litware_18_oscillating_pedestal_fan_m135_yellow,litware,yellow,160.95,350.0,808,fans,8,home_appliances
2482,litware_18_oscillating_pedestal_fan_m135_blue,litware,blue,160.95,350.0,808,fans,8,home_appliances
2483,litware_18_oscillating_pedestal_fan_m135_white,litware,white,160.95,350.0,808,fans,8,home_appliances
2484,litware_18_oscillating_pedestal_fan_m145_pink,litware,pink,183.95,400.0,808,fans,8,home_appliances
2485,litware_18_oscillating_pedestal_fan_m145_yellow,litware,yellow,183.95,400.0,808,fans,8,home_appliances
2486,litware_18_oscillating_pedestal_fan_m145_blue,litware,blue,183.95,400.0,808,fans,8,home_appliances
2487,litware_18_oscillating_pedestal_fan_m145_white,litware,white,183.95,400.0,808,fans,8,home_appliances
2488,contoso_rubberized_skin_blackberry_e100_black,contoso,black,7.64,14.99,505,cell_phones_accessories,5,cell_phones
2489,contoso_rubberized_skin_blackberry_e100_silver,contoso,silver,7.64,14.99,505,cell_phones_accessories,5,cell_phones
2490,contoso_rubberized_skin_blackberry_e100_white,contoso,white,7.64,14.99,505,cell_phones_accessories,5,cell_phones
2491,cigarette_lighter_adapter_for_contoso_phones_e110_black,contoso,black,12.74,24.99,505,cell_phones_accessories,5,cell_phones
2492,cigarette_lighter_adapter_for_contoso_phones_e110_white,contoso,white,12.74,24.99,505,cell_phones_accessories,5,cell_phones
2493,cigarette_lighter_adapter_for_contoso_phones_e110_red,contoso,red,12.74,24.99,505,cell_phones_accessories,5,cell_phones
2494,reusable_phone_screen_protector_e120,contoso,transparent,1.5,2.94,505,cell_phones_accessories,5,cell_phones
2495,headphone_adapter_for_contoso_phone_e130_black,contoso,black,5.09,9.99,505,cell_phones_accessories,5,cell_phones
2496,headphone_adapter_for_contoso_phone_e130_silver,contoso,silver,5.09,9.99,505,cell_phones_accessories,5,cell_phones
2497,headphone_adapter_for_contoso_phone_e130_white,contoso,white,5.09,9.99,505,cell_phones_accessories,5,cell_phones
2498,contoso_phone_tough_skin_case_e140_black,contoso,black,12.09,23.72,505,cell_phones_accessories,5,cell_phones
2499,contoso_phone_tough_skin_case_e140_white,contoso,white,12.09,23.72,505,cell_phones_accessories,5,cell_phones
2500,contoso_phone_tough_skin_case_e140_silver,contoso,silver,12.09,23.72,505,cell_phones_accessories,5,cell_phones
2501,contoso_phone_tough_skin_case_e140_pink,contoso,pink,12.09,23.72,505,cell_phones_accessories,5,cell_phones
2502,contoso_touch_stylus_pen_e150_black,contoso,black,5.09,9.99,505,cell_phones_accessories,5,cell_phones
2503,contoso_touch_stylus_pen_e150_silver,contoso,silver,5.09,9.99,505,cell_phones_accessories,5,cell_phones
2504,contoso_touch_stylus_pen_e150_white,contoso,white,5.09,9.99,505,cell_phones_accessories,5,cell_phones
2505,contoso_touch_stylus_pen_e150_red,contoso,red,5.09,9.99,505,cell_phones_accessories,5,cell_phones
2506,contoso_rubberized_snapon_cover_hard_case_cell_phone_protector_e160_pink,contoso,pink,2.42,4.74,505,cell_phones_accessories,5,cell_phones
2507,contoso_rubberized_snapon_cover_hard_case_cell_phone_protector_e160_white,contoso,white,2.42,4.74,505,cell_phones_accessories,5,cell_phones
2508,contoso_rubberized_snapon_cover_hard_case_cell_phone_protector_e160_silver,contoso,silver,2.42,4.74,505,cell_phones_accessories,5,cell_phones
2509,contoso_original_k1m_liion_standard_battery_e170_black,contoso,black,2.07,4.06,505,cell_phones_accessories,5,cell_phones
2510,contoso_original_k1m_liion_standard_battery_e170_white,contoso,white,2.07,4.06,505,cell_phones_accessories,5,cell_phones
2511,contoso_original_k1m_liion_standard_battery_e170_silver,contoso,silver,2.07,4.06,505,cell_phones_accessories,5,cell_phones
2512,contoso_bluetooth_active_headphones_l15_black,contoso,black,43.07,129.99,505,cell_phones_accessories,5,cell_phones
2513,contoso_bluetooth_active_headphones_l15_red,contoso,red,43.07,129.99,505,cell_phones_accessories,5,cell_phones
2514,contoso_bluetooth_active_headphones_l15_white,contoso,white,43.07,129.99,505,cell_phones_accessories,5,cell_phones
2515,contoso_inline_coupler_e180_white,contoso,white,1.71,3.35,505,cell_phones_accessories,5,cell_phones
2516,contoso_inline_coupler_e180_black,contoso,black,1.71,3.35,505,cell_phones_accessories,5,cell_phones
2517,contoso_inline_coupler_e180_silver,contoso,silver,1.71,3.35,505,cell_phones_accessories,5,cell_phones
